date_gregorian,date_jalali,year_jalali,month_jalali,day_of_month_jalali,day_of_week,week_of_year_jalali,is_friday,holiday_name,is_holiday_national,is_nowruz_block,is_inter_semester_break,is_named_holiday,is_holiday_any,days_to_next_holiday,days_since_last_holiday,is_bridge_day,is_day_before_holiday,is_day_after_holiday,holiday_block_length,semester,week_of_semester,is_add_drop_period,is_midterm_period,is_final_exam_period,is_exam_period,days_to_exam_start
2023-11-01,1402-08-10,1402,8,10,4,33,False,,False,False,False,False,False,46.0,,False,False,False,,1.0,6.0,False,False,False,False,10.0
2023-11-02,1402-08-11,1402,8,11,5,33,False,,False,False,False,False,False,45.0,,False,True,False,,1.0,6.0,False,False,False,False,9.0
2023-11-03,1402-08-12,1402,8,12,6,33,True,,False,False,False,False,True,44.0,,False,False,False,1.0,1.0,6.0,False,False,False,False,8.0
2023-11-04,1402-08-13,1402,8,13,0,34,False,,False,False,False,False,False,43.0,,False,False,True,,1.0,7.0,False,False,False,False,7.0
2023-11-05,1402-08-14,1402,8,14,1,34,False,,False,False,False,False,False,42.0,,False,False,False,,1.0,7.0,False,False,False,False,6.0
2023-11-06,1402-08-15,1402,8,15,2,34,False,,False,False,False,False,False,41.0,,False,False,False,,1.0,7.0,False,False,False,False,5.0
2023-11-07,1402-08-16,1402,8,16,3,34,False,,False,False,False,False,False,40.0,,False,False,False,,1.0,7.0,False,False,False,False,4.0
2023-11-08,1402-08-17,1402,8,17,4,34,False,,False,False,False,False,False,39.0,,False,False,False,,1.0,7.0,False,False,False,False,3.0
2023-11-09,1402-08-18,1402,8,18,5,34,False,,False,False,False,False,False,38.0,,False,True,False,,1.0,7.0,False,False,False,False,2.0
2023-11-10,1402-08-19,1402,8,19,6,34,True,,False,False,False,False,True,37.0,,False,False,False,1.0,1.0,7.0,False,False,False,False,1.0
2023-11-11,1402-08-20,1402,8,20,0,35,False,,False,False,False,False,False,36.0,,False,False,True,,1.0,8.0,False,True,False,True,0.0
2023-11-12,1402-08-21,1402,8,21,1,35,False,,False,False,False,False,False,35.0,,False,False,False,,1.0,8.0,False,True,False,True,67.0
2023-11-13,1402-08-22,1402,8,22,2,35,False,,False,False,False,False,False,34.0,,False,False,False,,1.0,8.0,False,True,False,True,66.0
2023-11-14,1402-08-23,1402,8,23,3,35,False,,False,False,False,False,False,33.0,,False,False,False,,1.0,8.0,False,True,False,True,65.0
2023-11-15,1402-08-24,1402,8,24,4,35,False,,False,False,False,False,False,32.0,,False,False,False,,1.0,8.0,False,True,False,True,64.0
2023-11-16,1402-08-25,1402,8,25,5,35,False,,False,False,False,False,False,31.0,,False,True,False,,1.0,8.0,False,True,False,True,63.0
2023-11-17,1402-08-26,1402,8,26,6,35,True,,False,False,False,False,True,30.0,,False,False,False,1.0,1.0,8.0,False,True,False,True,62.0
2023-11-18,1402-08-27,1402,8,27,0,36,False,,False,False,False,False,False,29.0,,False,False,True,,1.0,9.0,False,True,False,True,61.0
2023-11-19,1402-08-28,1402,8,28,1,36,False,,False,False,False,False,False,28.0,,False,False,False,,1.0,9.0,False,True,False,True,60.0
2023-11-20,1402-08-29,1402,8,29,2,36,False,,False,False,False,False,False,27.0,,False,False,False,,1.0,9.0,False,True,False,True,59.0
2023-11-21,1402-08-30,1402,8,30,3,36,False,,False,False,False,False,False,26.0,,False,False,False,,1.0,9.0,False,True,False,True,58.0
2023-11-22,1402-09-01,1402,9,1,4,36,False,,False,False,False,False,False,25.0,,False,False,False,,1.0,9.0,False,True,False,True,57.0
2023-11-23,1402-09-02,1402,9,2,5,36,False,,False,False,False,False,False,24.0,,False,True,False,,1.0,9.0,False,True,False,True,56.0
2023-11-24,1402-09-03,1402,9,3,6,36,True,,False,False,False,False,True,23.0,,False,False,False,1.0,1.0,9.0,False,False,False,False,55.0
2023-11-25,1402-09-04,1402,9,4,0,37,False,,False,False,False,False,False,22.0,,False,False,True,,1.0,10.0,False,False,False,False,54.0
2023-11-26,1402-09-05,1402,9,5,1,37,False,,False,False,False,False,False,21.0,,False,False,False,,1.0,10.0,False,False,False,False,53.0
2023-11-27,1402-09-06,1402,9,6,2,37,False,,False,False,False,False,False,20.0,,False,False,False,,1.0,10.0,False,False,False,False,52.0
2023-11-28,1402-09-07,1402,9,7,3,37,False,,False,False,False,False,False,19.0,,False,False,False,,1.0,10.0,False,False,False,False,51.0
2023-11-29,1402-09-08,1402,9,8,4,37,False,,False,False,False,False,False,18.0,,False,False,False,,1.0,10.0,False,False,False,False,50.0
2023-11-30,1402-09-09,1402,9,9,5,37,False,,False,False,False,False,False,17.0,,False,True,False,,1.0,10.0,False,False,False,False,49.0
2023-12-01,1402-09-10,1402,9,10,6,37,True,,False,False,False,False,True,16.0,,False,False,False,1.0,1.0,10.0,False,False,False,False,48.0
2023-12-02,1402-09-11,1402,9,11,0,38,False,,False,False,False,False,False,15.0,,False,False,True,,1.0,11.0,False,False,False,False,47.0
2023-12-03,1402-09-12,1402,9,12,1,38,False,,False,False,False,False,False,14.0,,False,False,False,,1.0,11.0,False,False,False,False,46.0
2023-12-04,1402-09-13,1402,9,13,2,38,False,,False,False,False,False,False,13.0,,False,False,False,,1.0,11.0,False,False,False,False,45.0
2023-12-05,1402-09-14,1402,9,14,3,38,False,,False,False,False,False,False,12.0,,False,False,False,,1.0,11.0,False,False,False,False,44.0
2023-12-06,1402-09-15,1402,9,15,4,38,False,,False,False,False,False,False,11.0,,False,False,False,,1.0,11.0,False,False,False,False,43.0
2023-12-07,1402-09-16,1402,9,16,5,38,False,,False,False,False,False,False,10.0,,False,True,False,,1.0,11.0,False,False,False,False,42.0
2023-12-08,1402-09-17,1402,9,17,6,38,True,,False,False,False,False,True,9.0,,False,False,False,1.0,1.0,11.0,False,False,False,False,41.0
2023-12-09,1402-09-18,1402,9,18,0,39,False,,False,False,False,False,False,8.0,,False,False,True,,1.0,12.0,False,False,False,False,40.0
2023-12-10,1402-09-19,1402,9,19,1,39,False,,False,False,False,False,False,7.0,,False,False,False,,1.0,12.0,False,False,False,False,39.0
2023-12-11,1402-09-20,1402,9,20,2,39,False,,False,False,False,False,False,6.0,,False,False,False,,1.0,12.0,False,False,False,False,38.0
2023-12-12,1402-09-21,1402,9,21,3,39,False,,False,False,False,False,False,5.0,,False,False,False,,1.0,12.0,False,False,False,False,37.0
2023-12-13,1402-09-22,1402,9,22,4,39,False,,False,False,False,False,False,4.0,,False,False,False,,1.0,12.0,False,False,False,False,36.0
2023-12-14,1402-09-23,1402,9,23,5,39,False,,False,False,False,False,False,3.0,,False,True,False,,1.0,12.0,False,False,False,False,35.0
2023-12-15,1402-09-24,1402,9,24,6,39,True,,False,False,False,False,True,2.0,,False,False,False,1.0,1.0,12.0,False,False,False,False,34.0
2023-12-16,1402-09-25,1402,9,25,0,40,False,,False,False,False,False,False,1.0,,True,True,True,,1.0,13.0,False,False,False,False,33.0
2023-12-17,1402-09-26,1402,9,26,1,40,False,Martyrdom of Fatima,True,False,False,True,True,39.0,,False,False,False,1.0,1.0,13.0,False,False,False,False,32.0
2023-12-18,1402-09-27,1402,9,27,2,40,False,,False,False,False,False,False,38.0,1.0,False,False,True,,1.0,13.0,False,False,False,False,31.0
2023-12-19,1402-09-28,1402,9,28,3,40,False,,False,False,False,False,False,37.0,2.0,False,False,False,,1.0,13.0,False,False,False,False,30.0
2023-12-20,1402-09-29,1402,9,29,4,40,False,,False,False,False,False,False,36.0,3.0,False,False,False,,1.0,13.0,False,False,False,False,29.0
2023-12-21,1402-09-30,1402,9,30,5,40,False,,False,False,False,False,False,35.0,4.0,False,True,False,,1.0,13.0,False,False,False,False,28.0
2023-12-22,1402-10-01,1402,10,1,6,40,True,,False,False,False,False,True,34.0,5.0,False,False,False,1.0,1.0,13.0,False,False,False,False,27.0
2023-12-23,1402-10-02,1402,10,2,0,41,False,,False,False,False,False,False,33.0,6.0,False,False,True,,1.0,14.0,False,False,False,False,26.0
2023-12-24,1402-10-03,1402,10,3,1,41,False,,False,False,False,False,False,32.0,7.0,False,False,False,,1.0,14.0,False,False,False,False,25.0
2023-12-25,1402-10-04,1402,10,4,2,41,False,,False,False,False,False,False,31.0,8.0,False,False,False,,1.0,14.0,False,False,False,False,24.0
2023-12-26,1402-10-05,1402,10,5,3,41,False,,False,False,False,False,False,30.0,9.0,False,False,False,,1.0,14.0,False,False,False,False,23.0
2023-12-27,1402-10-06,1402,10,6,4,41,False,,False,False,False,False,False,29.0,10.0,False,False,False,,1.0,14.0,False,False,False,False,22.0
2023-12-28,1402-10-07,1402,10,7,5,41,False,,False,False,False,False,False,28.0,11.0,False,True,False,,1.0,14.0,False,False,False,False,21.0
2023-12-29,1402-10-08,1402,10,8,6,41,True,,False,False,False,False,True,27.0,12.0,False,False,False,1.0,1.0,14.0,False,False,False,False,20.0
2023-12-30,1402-10-09,1402,10,9,0,42,False,,False,False,False,False,False,26.0,13.0,False,False,True,,1.0,15.0,False,False,False,False,19.0
2023-12-31,1402-10-10,1402,10,10,1,42,False,,False,False,False,False,False,25.0,14.0,False,False,False,,1.0,15.0,False,False,False,False,18.0
2024-01-01,1402-10-11,1402,10,11,2,42,False,,False,False,False,False,False,24.0,15.0,False,False,False,,1.0,15.0,False,False,False,False,17.0
2024-01-02,1402-10-12,1402,10,12,3,42,False,,False,False,False,False,False,23.0,16.0,False,False,False,,1.0,15.0,False,False,False,False,16.0
2024-01-03,1402-10-13,1402,10,13,4,42,False,,False,False,False,False,False,22.0,17.0,False,False,False,,1.0,15.0,False,False,False,False,15.0
2024-01-04,1402-10-14,1402,10,14,5,42,False,,False,False,False,False,False,21.0,18.0,False,True,False,,1.0,15.0,False,False,False,False,14.0
2024-01-05,1402-10-15,1402,10,15,6,42,True,,False,False,False,False,True,20.0,19.0,False,False,False,1.0,1.0,15.0,False,False,False,False,13.0
2024-01-06,1402-10-16,1402,10,16,0,43,False,,False,False,False,False,False,19.0,20.0,False,False,True,,1.0,16.0,False,False,False,False,12.0
2024-01-07,1402-10-17,1402,10,17,1,43,False,,False,False,False,False,False,18.0,21.0,False,False,False,,1.0,16.0,False,False,False,False,11.0
2024-01-08,1402-10-18,1402,10,18,2,43,False,,False,False,False,False,False,17.0,22.0,False,False,False,,1.0,16.0,False,False,False,False,10.0
2024-01-09,1402-10-19,1402,10,19,3,43,False,,False,False,False,False,False,16.0,23.0,False,False,False,,1.0,16.0,False,False,False,False,9.0
2024-01-10,1402-10-20,1402,10,20,4,43,False,,False,False,False,False,False,15.0,24.0,False,False,False,,1.0,16.0,False,False,False,False,8.0
2024-01-11,1402-10-21,1402,10,21,5,43,False,,False,False,False,False,False,14.0,25.0,False,True,False,,1.0,,False,False,False,False,7.0
2024-01-12,1402-10-22,1402,10,22,6,43,True,,False,False,False,False,True,13.0,26.0,False,False,False,1.0,1.0,,False,False,False,False,6.0
2024-01-13,1402-10-23,1402,10,23,0,44,False,,False,False,False,False,False,12.0,27.0,False,False,True,,1.0,,False,False,False,False,5.0
2024-01-14,1402-10-24,1402,10,24,1,44,False,,False,False,False,False,False,11.0,28.0,False,False,False,,1.0,,False,False,False,False,4.0
2024-01-15,1402-10-25,1402,10,25,2,44,False,,False,False,False,False,False,10.0,29.0,False,False,False,,1.0,,False,False,False,False,3.0
2024-01-16,1402-10-26,1402,10,26,3,44,False,,False,False,False,False,False,9.0,30.0,False,False,False,,1.0,,False,False,False,False,2.0
2024-01-17,1402-10-27,1402,10,27,4,44,False,,False,False,False,False,False,8.0,31.0,False,False,False,,1.0,,False,False,False,False,1.0
2024-01-18,1402-10-28,1402,10,28,5,44,False,,False,False,False,False,False,7.0,32.0,False,True,False,,1.0,,False,False,True,True,0.0
2024-01-19,1402-10-29,1402,10,29,6,44,True,,False,False,False,False,True,6.0,33.0,False,False,False,1.0,1.0,,False,False,True,True,85.0
2024-01-20,1402-10-30,1402,10,30,0,45,False,,False,False,False,False,False,5.0,34.0,False,False,True,,1.0,,False,False,True,True,84.0
2024-01-21,1402-11-01,1402,11,1,1,45,False,,False,False,False,False,False,4.0,35.0,False,False,False,,1.0,,False,False,True,True,83.0
2024-01-22,1402-11-02,1402,11,2,2,45,False,,False,False,False,False,False,3.0,36.0,False,False,False,,1.0,,False,False,True,True,82.0
2024-01-23,1402-11-03,1402,11,3,3,45,False,,False,False,False,False,False,2.0,37.0,False,False,False,,1.0,,False,False,True,True,81.0
2024-01-24,1402-11-04,1402,11,4,4,45,False,,False,False,False,False,False,1.0,38.0,False,True,False,,1.0,,False,False,True,True,80.0
2024-01-25,1402-11-05,1402,11,5,5,45,False,Birthday of Imam Ali,True,False,False,True,True,10.0,39.0,False,False,False,2.0,1.0,,False,False,True,True,79.0
2024-01-26,1402-11-06,1402,11,6,6,45,True,,False,False,False,False,True,9.0,1.0,False,False,False,2.0,1.0,,False,False,True,True,78.0
2024-01-27,1402-11-07,1402,11,7,0,46,False,,False,False,False,False,False,8.0,2.0,False,False,True,,1.0,,False,False,True,True,77.0
2024-01-28,1402-11-08,1402,11,8,1,46,False,,False,False,False,False,False,7.0,3.0,False,False,False,,1.0,,False,False,True,True,76.0
2024-01-29,1402-11-09,1402,11,9,2,46,False,,False,False,False,False,False,6.0,4.0,False,False,False,,1.0,,False,False,True,True,75.0
2024-01-30,1402-11-10,1402,11,10,3,46,False,,False,False,False,False,False,5.0,5.0,False,False,False,,1.0,,False,False,True,True,74.0
2024-01-31,1402-11-11,1402,11,11,4,46,False,,False,False,False,False,False,4.0,6.0,False,False,False,,1.0,,False,False,True,True,73.0
2024-02-01,1402-11-12,1402,11,12,5,46,False,,False,False,False,False,False,3.0,7.0,False,True,False,,1.0,,False,False,True,True,72.0
2024-02-02,1402-11-13,1402,11,13,6,46,True,,False,False,False,False,True,2.0,8.0,False,False,False,1.0,1.0,,False,False,True,True,71.0
2024-02-03,1402-11-14,1402,11,14,0,47,False,,False,False,False,False,False,1.0,9.0,True,True,True,,1.0,,False,False,True,True,70.0
2024-02-04,1402-11-15,1402,11,15,1,47,False,,False,False,True,True,True,1.0,10.0,False,False,False,6.0,,,False,False,False,False,69.0
2024-02-05,1402-11-16,1402,11,16,2,47,False,,False,False,True,True,True,1.0,1.0,False,False,False,6.0,,,False,False,False,False,68.0
2024-02-06,1402-11-17,1402,11,17,3,47,False,,False,False,True,True,True,1.0,1.0,False,False,False,6.0,,,False,False,False,False,67.0
2024-02-07,1402-11-18,1402,11,18,4,47,False,,False,False,True,True,True,1.0,1.0,False,False,False,6.0,,,False,False,False,False,66.0
2024-02-08,1402-11-19,1402,11,19,5,47,False,Isra' and Mi'raj,True,False,True,True,True,1.0,1.0,False,False,False,6.0,,,False,False,False,False,65.0
2024-02-09,1402-11-20,1402,11,20,6,47,True,,False,False,True,True,True,2.0,1.0,False,False,False,6.0,,,False,False,False,False,64.0
2024-02-10,1402-11-21,1402,11,21,0,48,False,,False,False,False,False,False,1.0,1.0,True,True,True,,2.0,1.0,False,False,False,False,63.0
2024-02-11,1402-11-22,1402,11,22,1,48,False,Islamic Revolution Day,True,False,False,True,True,14.0,2.0,False,False,False,1.0,2.0,1.0,False,False,False,False,62.0
2024-02-12,1402-11-23,1402,11,23,2,48,False,,False,False,False,False,False,13.0,1.0,False,False,True,,2.0,1.0,False,False,False,False,61.0
2024-02-13,1402-11-24,1402,11,24,3,48,False,,False,False,False,False,False,12.0,2.0,False,False,False,,2.0,1.0,False,False,False,False,60.0
2024-02-14,1402-11-25,1402,11,25,4,48,False,,False,False,False,False,False,11.0,3.0,False,False,False,,2.0,1.0,False,False,False,False,59.0
2024-02-15,1402-11-26,1402,11,26,5,48,False,,False,False,False,False,False,10.0,4.0,False,True,False,,2.0,1.0,False,False,False,False,58.0
2024-02-16,1402-11-27,1402,11,27,6,48,True,,False,False,False,False,True,9.0,5.0,False,False,False,1.0,2.0,1.0,False,False,False,False,57.0
2024-02-17,1402-11-28,1402,11,28,0,49,False,,False,False,False,False,False,8.0,6.0,False,False,True,,2.0,2.0,False,False,False,False,56.0
2024-02-18,1402-11-29,1402,11,29,1,49,False,,False,False,False,False,False,7.0,7.0,False,False,False,,2.0,2.0,False,False,False,False,55.0
2024-02-19,1402-11-30,1402,11,30,2,49,False,,False,False,False,False,False,6.0,8.0,False,False,False,,2.0,2.0,False,False,False,False,54.0
2024-02-20,1402-12-01,1402,12,1,3,49,False,,False,False,False,False,False,5.0,9.0,False,False,False,,2.0,2.0,False,False,False,False,53.0
2024-02-21,1402-12-02,1402,12,2,4,49,False,,False,False,False,False,False,4.0,10.0,False,False,False,,2.0,2.0,False,False,False,False,52.0
2024-02-22,1402-12-03,1402,12,3,5,49,False,,False,False,False,False,False,3.0,11.0,False,True,False,,2.0,2.0,False,False,False,False,51.0
2024-02-23,1402-12-04,1402,12,4,6,49,True,,False,False,False,False,True,2.0,12.0,False,False,False,1.0,2.0,2.0,False,False,False,False,50.0
2024-02-24,1402-12-05,1402,12,5,0,50,False,,False,False,False,False,False,1.0,13.0,True,True,True,,2.0,3.0,True,False,False,False,49.0
2024-02-25,1402-12-06,1402,12,6,1,50,False,Birthday of Mahdi,True,False,False,True,True,20.0,14.0,False,False,False,1.0,2.0,3.0,True,False,False,False,48.0
2024-02-26,1402-12-07,1402,12,7,2,50,False,,False,False,False,False,False,19.0,1.0,False,False,True,,2.0,3.0,True,False,False,False,47.0
2024-02-27,1402-12-08,1402,12,8,3,50,False,,False,False,False,False,False,18.0,2.0,False,False,False,,2.0,3.0,True,False,False,False,46.0
2024-02-28,1402-12-09,1402,12,9,4,50,False,,False,False,False,False,False,17.0,3.0,False,False,False,,2.0,3.0,False,False,False,False,45.0
2024-02-29,1402-12-10,1402,12,10,5,50,False,,False,False,False,False,False,16.0,4.0,False,True,False,,2.0,3.0,False,False,False,False,44.0
2024-03-01,1402-12-11,1402,12,11,6,50,True,,False,False,False,False,True,15.0,5.0,False,False,False,1.0,2.0,3.0,False,False,False,False,43.0
2024-03-02,1402-12-12,1402,12,12,0,51,False,,False,False,False,False,False,14.0,6.0,False,False,True,,2.0,4.0,False,False,False,False,42.0
2024-03-03,1402-12-13,1402,12,13,1,51,False,,False,False,False,False,False,13.0,7.0,False,False,False,,2.0,4.0,False,False,False,False,41.0
2024-03-04,1402-12-14,1402,12,14,2,51,False,,False,False,False,False,False,12.0,8.0,False,False,False,,2.0,4.0,False,False,False,False,40.0
2024-03-05,1402-12-15,1402,12,15,3,51,False,,False,False,False,False,False,11.0,9.0,False,False,False,,2.0,4.0,False,False,False,False,39.0
2024-03-06,1402-12-16,1402,12,16,4,51,False,,False,False,False,False,False,10.0,10.0,False,False,False,,2.0,4.0,False,False,False,False,38.0
2024-03-07,1402-12-17,1402,12,17,5,51,False,,False,False,False,False,False,9.0,11.0,False,True,False,,2.0,4.0,False,False,False,False,37.0
2024-03-08,1402-12-18,1402,12,18,6,51,True,,False,False,False,False,True,8.0,12.0,False,False,False,1.0,2.0,4.0,False,False,False,False,36.0
2024-03-09,1402-12-19,1402,12,19,0,52,False,,False,False,False,False,False,7.0,13.0,False,False,True,,2.0,5.0,False,False,False,False,35.0
2024-03-10,1402-12-20,1402,12,20,1,52,False,,False,False,False,False,False,6.0,14.0,False,False,False,,2.0,5.0,False,False,False,False,34.0
2024-03-11,1402-12-21,1402,12,21,2,52,False,,False,False,False,False,False,5.0,15.0,False,False,False,,2.0,5.0,False,False,False,False,33.0
2024-03-12,1402-12-22,1402,12,22,3,52,False,,False,False,False,False,False,4.0,16.0,False,False,False,,2.0,5.0,False,False,False,False,32.0
2024-03-13,1402-12-23,1402,12,23,4,52,False,,False,False,False,False,False,3.0,17.0,False,False,False,,2.0,5.0,False,False,False,False,31.0
2024-03-14,1402-12-24,1402,12,24,5,52,False,,False,False,False,False,False,2.0,18.0,False,True,False,,2.0,5.0,False,False,False,False,30.0
2024-03-15,1402-12-25,1402,12,25,6,52,True,,False,False,False,False,True,1.0,19.0,False,False,False,15.0,2.0,5.0,False,False,False,False,29.0
2024-03-16,1402-12-26,1402,12,26,0,53,False,,False,True,False,True,True,1.0,20.0,False,False,False,15.0,2.0,,False,False,False,False,28.0
2024-03-17,1402-12-27,1402,12,27,1,53,False,,False,True,False,True,True,1.0,1.0,False,False,False,15.0,2.0,,False,False,False,False,27.0
2024-03-18,1402-12-28,1402,12,28,2,53,False,,False,True,False,True,True,1.0,1.0,False,False,False,15.0,2.0,,False,False,False,False,26.0
2024-03-19,1402-12-29,1402,12,29,3,53,False,Iranian Oil Industry Nationalization Day,True,True,False,True,True,1.0,1.0,False,False,False,15.0,2.0,,False,False,False,False,25.0
2024-03-20,1403-01-01,1403,1,1,4,1,False,Nowruz,True,True,False,True,True,1.0,1.0,False,False,False,15.0,2.0,,False,False,False,False,24.0
2024-03-21,1403-01-02,1403,1,2,5,1,False,Nowruz Holiday,True,True,False,True,True,1.0,1.0,False,False,False,15.0,2.0,,False,False,False,False,23.0
2024-03-22,1403-01-03,1403,1,3,6,1,True,Nowruz Holiday,True,True,False,True,True,1.0,1.0,False,False,False,15.0,2.0,,False,False,False,False,22.0
2024-03-23,1403-01-04,1403,1,4,0,2,False,Nowruz Holiday,True,True,False,True,True,1.0,1.0,False,False,False,15.0,2.0,,False,False,False,False,21.0
2024-03-24,1403-01-05,1403,1,5,1,2,False,,False,True,False,True,True,1.0,1.0,False,False,False,15.0,2.0,,False,False,False,False,20.0
2024-03-25,1403-01-06,1403,1,6,2,2,False,,False,True,False,True,True,1.0,1.0,False,False,False,15.0,2.0,,False,False,False,False,19.0
2024-03-26,1403-01-07,1403,1,7,3,2,False,,False,True,False,True,True,1.0,1.0,False,False,False,15.0,2.0,,False,False,False,False,18.0
2024-03-27,1403-01-08,1403,1,8,4,2,False,,False,True,False,True,True,1.0,1.0,False,False,False,15.0,2.0,,False,False,False,False,17.0
2024-03-28,1403-01-09,1403,1,9,5,2,False,,False,True,False,True,True,1.0,1.0,False,False,False,15.0,2.0,,False,False,False,False,16.0
2024-03-29,1403-01-10,1403,1,10,6,2,True,,False,True,False,True,True,2.0,1.0,False,False,False,15.0,2.0,,False,False,False,False,15.0
2024-03-30,1403-01-11,1403,1,11,0,3,False,,False,False,False,False,False,1.0,1.0,True,True,True,,2.0,6.0,False,False,False,False,14.0
2024-03-31,1403-01-12,1403,1,12,1,3,False,Islamic Republic Day,True,False,False,True,True,1.0,2.0,False,False,False,2.0,2.0,6.0,False,False,False,False,13.0
2024-04-01,1403-01-13,1403,1,13,2,3,False,Martyrdom of Imam Ali; Nature's Day,True,False,False,True,True,9.0,1.0,False,False,False,2.0,2.0,6.0,False,False,False,False,12.0
2024-04-02,1403-01-14,1403,1,14,3,3,False,,False,False,False,False,False,8.0,1.0,False,False,True,,2.0,6.0,False,False,False,False,11.0
2024-04-03,1403-01-15,1403,1,15,4,3,False,,False,False,False,False,False,7.0,2.0,False,False,False,,2.0,6.0,False,False,False,False,10.0
2024-04-04,1403-01-16,1403,1,16,5,3,False,,False,False,False,False,False,6.0,3.0,False,True,False,,2.0,6.0,False,False,False,False,9.0
2024-04-05,1403-01-17,1403,1,17,6,3,True,,False,False,False,False,True,5.0,4.0,False,False,False,1.0,2.0,6.0,False,False,False,False,8.0
2024-04-06,1403-01-18,1403,1,18,0,4,False,,False,False,False,False,False,4.0,5.0,False,False,True,,2.0,7.0,False,False,False,False,7.0
2024-04-07,1403-01-19,1403,1,19,1,4,False,,False,False,False,False,False,3.0,6.0,False,False,False,,2.0,7.0,False,False,False,False,6.0
2024-04-08,1403-01-20,1403,1,20,2,4,False,,False,False,False,False,False,2.0,7.0,False,False,False,,2.0,7.0,False,False,False,False,5.0
2024-04-09,1403-01-21,1403,1,21,3,4,False,,False,False,False,False,False,1.0,8.0,False,True,False,,2.0,7.0,False,False,False,False,4.0
2024-04-10,1403-01-22,1403,1,22,4,4,False,Eid al-Fitr,True,False,False,True,True,1.0,9.0,False,False,False,3.0,2.0,7.0,False,False,False,False,3.0
2024-04-11,1403-01-23,1403,1,23,5,4,False,Eid al-Fitr Holiday,True,False,False,True,True,23.0,1.0,False,False,False,3.0,2.0,7.0,False,False,False,False,2.0
2024-04-12,1403-01-24,1403,1,24,6,4,True,,False,False,False,False,True,22.0,1.0,False,False,False,3.0,2.0,7.0,False,False,False,False,1.0
2024-04-13,1403-01-25,1403,1,25,0,5,False,,False,False,False,False,False,21.0,2.0,False,False,True,,2.0,8.0,False,True,False,True,0.0
2024-04-14,1403-01-26,1403,1,26,1,5,False,,False,False,False,False,False,20.0,3.0,False,False,False,,2.0,8.0,False,True,False,True,67.0
2024-04-15,1403-01-27,1403,1,27,2,5,False,,False,False,False,False,False,19.0,4.0,False,False,False,,2.0,8.0,False,True,False,True,66.0
2024-04-16,1403-01-28,1403,1,28,3,5,False,,False,False,False,False,False,18.0,5.0,False,False,False,,2.0,8.0,False,True,False,True,65.0
2024-04-17,1403-01-29,1403,1,29,4,5,False,,False,False,False,False,False,17.0,6.0,False,False,False,,2.0,8.0,False,True,False,True,64.0
2024-04-18,1403-01-30,1403,1,30,5,5,False,,False,False,False,False,False,16.0,7.0,False,True,False,,2.0,8.0,False,True,False,True,63.0
2024-04-19,1403-01-31,1403,1,31,6,5,True,,False,False,False,False,True,15.0,8.0,False,False,False,1.0,2.0,8.0,False,True,False,True,62.0
2024-04-20,1403-02-01,1403,2,1,0,6,False,,False,False,False,False,False,14.0,9.0,False,False,True,,2.0,9.0,False,True,False,True,61.0
2024-04-21,1403-02-02,1403,2,2,1,6,False,,False,False,False,False,False,13.0,10.0,False,False,False,,2.0,9.0,False,True,False,True,60.0
2024-04-22,1403-02-03,1403,2,3,2,6,False,,False,False,False,False,False,12.0,11.0,False,False,False,,2.0,9.0,False,True,False,True,59.0
2024-04-23,1403-02-04,1403,2,4,3,6,False,,False,False,False,False,False,11.0,12.0,False,False,False,,2.0,9.0,False,True,False,True,58.0
2024-04-24,1403-02-05,1403,2,5,4,6,False,,False,False,False,False,False,10.0,13.0,False,False,False,,2.0,9.0,False,True,False,True,57.0
2024-04-25,1403-02-06,1403,2,6,5,6,False,,False,False,False,False,False,9.0,14.0,False,True,False,,2.0,9.0,False,True,False,True,56.0
2024-04-26,1403-02-07,1403,2,7,6,6,True,,False,False,False,False,True,8.0,15.0,False,False,False,1.0,2.0,9.0,False,False,False,False,55.0
2024-04-27,1403-02-08,1403,2,8,0,7,False,,False,False,False,False,False,7.0,16.0,False,False,True,,2.0,10.0,False,False,False,False,54.0
2024-04-28,1403-02-09,1403,2,9,1,7,False,,False,False,False,False,False,6.0,17.0,False,False,False,,2.0,10.0,False,False,False,False,53.0
2024-04-29,1403-02-10,1403,2,10,2,7,False,,False,False,False,False,False,5.0,18.0,False,False,False,,2.0,10.0,False,False,False,False,52.0
2024-04-30,1403-02-11,1403,2,11,3,7,False,,False,False,False,False,False,4.0,19.0,False,False,False,,2.0,10.0,False,False,False,False,51.0
2024-05-01,1403-02-12,1403,2,12,4,7,False,,False,False,False,False,False,3.0,20.0,False,False,False,,2.0,10.0,False,False,False,False,50.0
2024-05-02,1403-02-13,1403,2,13,5,7,False,,False,False,False,False,False,2.0,21.0,False,True,False,,2.0,10.0,False,False,False,False,49.0
2024-05-03,1403-02-14,1403,2,14,6,7,True,,False,False,False,False,True,1.0,22.0,False,False,False,2.0,2.0,10.0,False,False,False,False,48.0
2024-05-04,1403-02-15,1403,2,15,0,8,False,Martyrdom of Imam Ja'far al-Sadiq,True,False,False,True,True,30.0,23.0,False,False,False,2.0,2.0,11.0,False,False,False,False,47.0
2024-05-05,1403-02-16,1403,2,16,1,8,False,,False,False,False,False,False,29.0,1.0,False,False,True,,2.0,11.0,False,False,False,False,46.0
2024-05-06,1403-02-17,1403,2,17,2,8,False,,False,False,False,False,False,28.0,2.0,False,False,False,,2.0,11.0,False,False,False,False,45.0
2024-05-07,1403-02-18,1403,2,18,3,8,False,,False,False,False,False,False,27.0,3.0,False,False,False,,2.0,11.0,False,False,False,False,44.0
2024-05-08,1403-02-19,1403,2,19,4,8,False,,False,False,False,False,False,26.0,4.0,False,False,False,,2.0,11.0,False,False,False,False,43.0
2024-05-09,1403-02-20,1403,2,20,5,8,False,,False,False,False,False,False,25.0,5.0,False,True,False,,2.0,11.0,False,False,False,False,42.0
2024-05-10,1403-02-21,1403,2,21,6,8,True,,False,False,False,False,True,24.0,6.0,False,False,False,1.0,2.0,11.0,False,False,False,False,41.0
2024-05-11,1403-02-22,1403,2,22,0,9,False,,False,False,False,False,False,23.0,7.0,False,False,True,,2.0,12.0,False,False,False,False,40.0
2024-05-12,1403-02-23,1403,2,23,1,9,False,,False,False,False,False,False,22.0,8.0,False,False,False,,2.0,12.0,False,False,False,False,39.0
2024-05-13,1403-02-24,1403,2,24,2,9,False,,False,False,False,False,False,21.0,9.0,False,False,False,,2.0,12.0,False,False,False,False,38.0
2024-05-14,1403-02-25,1403,2,25,3,9,False,,False,False,False,False,False,20.0,10.0,False,False,False,,2.0,12.0,False,False,False,False,37.0
2024-05-15,1403-02-26,1403,2,26,4,9,False,,False,False,False,False,False,19.0,11.0,False,False,False,,2.0,12.0,False,False,False,False,36.0
2024-05-16,1403-02-27,1403,2,27,5,9,False,,False,False,False,False,False,18.0,12.0,False,True,False,,2.0,12.0,False,False,False,False,35.0
2024-05-17,1403-02-28,1403,2,28,6,9,True,,False,False,False,False,True,17.0,13.0,False,False,False,1.0,2.0,12.0,False,False,False,False,34.0
2024-05-18,1403-02-29,1403,2,29,0,10,False,,False,False,False,False,False,16.0,14.0,False,False,True,,2.0,13.0,False,False,False,False,33.0
2024-05-19,1403-02-30,1403,2,30,1,10,False,,False,False,False,False,False,15.0,15.0,False,False,False,,2.0,13.0,False,False,False,False,32.0
2024-05-20,1403-02-31,1403,2,31,2,10,False,,False,False,False,False,False,14.0,16.0,False,False,False,,2.0,13.0,False,False,False,False,31.0
2024-05-21,1403-03-01,1403,3,1,3,10,False,,False,False,False,False,False,13.0,17.0,False,False,False,,2.0,13.0,False,False,False,False,30.0
2024-05-22,1403-03-02,1403,3,2,4,10,False,,False,False,False,False,False,12.0,18.0,False,False,False,,2.0,13.0,False,False,False,False,29.0
2024-05-23,1403-03-03,1403,3,3,5,10,False,,False,False,False,False,False,11.0,19.0,False,True,False,,2.0,13.0,False,False,False,False,28.0
2024-05-24,1403-03-04,1403,3,4,6,10,True,,False,False,False,False,True,10.0,20.0,False,False,False,1.0,2.0,13.0,False,False,False,False,27.0
2024-05-25,1403-03-05,1403,3,5,0,11,False,,False,False,False,False,False,9.0,21.0,False,False,True,,2.0,14.0,False,False,False,False,26.0
2024-05-26,1403-03-06,1403,3,6,1,11,False,,False,False,False,False,False,8.0,22.0,False,False,False,,2.0,14.0,False,False,False,False,25.0
2024-05-27,1403-03-07,1403,3,7,2,11,False,,False,False,False,False,False,7.0,23.0,False,False,False,,2.0,14.0,False,False,False,False,24.0
2024-05-28,1403-03-08,1403,3,8,3,11,False,,False,False,False,False,False,6.0,24.0,False,False,False,,2.0,14.0,False,False,False,False,23.0
2024-05-29,1403-03-09,1403,3,9,4,11,False,,False,False,False,False,False,5.0,25.0,False,False,False,,2.0,14.0,False,False,False,False,22.0
2024-05-30,1403-03-10,1403,3,10,5,11,False,,False,False,False,False,False,4.0,26.0,False,True,False,,2.0,14.0,False,False,False,False,21.0
2024-05-31,1403-03-11,1403,3,11,6,11,True,,False,False,False,False,True,3.0,27.0,False,False,False,1.0,2.0,14.0,False,False,False,False,20.0
2024-06-01,1403-03-12,1403,3,12,0,12,False,,False,False,False,False,False,2.0,28.0,False,False,True,,2.0,15.0,False,False,False,False,19.0
2024-06-02,1403-03-13,1403,3,13,1,12,False,,False,False,False,False,False,1.0,29.0,False,True,False,,2.0,15.0,False,False,False,False,18.0
2024-06-03,1403-03-14,1403,3,14,2,12,False,Death of Imam Khomeini,True,False,False,True,True,1.0,30.0,False,False,False,2.0,2.0,15.0,False,False,False,False,17.0
2024-06-04,1403-03-15,1403,3,15,3,12,False,15 Khordad Uprising,True,False,False,True,True,13.0,1.0,False,False,False,2.0,2.0,15.0,False,False,False,False,16.0
2024-06-05,1403-03-16,1403,3,16,4,12,False,,False,False,False,False,False,12.0,1.0,False,False,True,,2.0,15.0,False,False,False,False,15.0
2024-06-06,1403-03-17,1403,3,17,5,12,False,,False,False,False,False,False,11.0,2.0,False,True,False,,2.0,15.0,False,False,False,False,14.0
2024-06-07,1403-03-18,1403,3,18,6,12,True,,False,False,False,False,True,10.0,3.0,False,False,False,1.0,2.0,15.0,False,False,False,False,13.0
2024-06-08,1403-03-19,1403,3,19,0,13,False,,False,False,False,False,False,9.0,4.0,False,False,True,,2.0,16.0,False,False,False,False,12.0
2024-06-09,1403-03-20,1403,3,20,1,13,False,,False,False,False,False,False,8.0,5.0,False,False,False,,2.0,16.0,False,False,False,False,11.0
2024-06-10,1403-03-21,1403,3,21,2,13,False,,False,False,False,False,False,7.0,6.0,False,False,False,,2.0,16.0,False,False,False,False,10.0
2024-06-11,1403-03-22,1403,3,22,3,13,False,,False,False,False,False,False,6.0,7.0,False,False,False,,2.0,16.0,False,False,False,False,9.0
2024-06-12,1403-03-23,1403,3,23,4,13,False,,False,False,False,False,False,5.0,8.0,False,False,False,,2.0,16.0,False,False,False,False,8.0
2024-06-13,1403-03-24,1403,3,24,5,13,False,,False,False,False,False,False,4.0,9.0,False,True,False,,2.0,16.0,False,False,False,False,7.0
2024-06-14,1403-03-25,1403,3,25,6,13,True,,False,False,False,False,True,3.0,10.0,False,False,False,1.0,2.0,,False,False,False,False,6.0
2024-06-15,1403-03-26,1403,3,26,0,14,False,,False,False,False,False,False,2.0,11.0,False,False,True,,2.0,,False,False,False,False,5.0
2024-06-16,1403-03-27,1403,3,27,1,14,False,,False,False,False,False,False,1.0,12.0,False,True,False,,2.0,,False,False,False,False,4.0
2024-06-17,1403-03-28,1403,3,28,2,14,False,Eid al-Adha,True,False,False,True,True,8.0,13.0,False,False,False,1.0,2.0,,False,False,False,False,3.0
2024-06-18,1403-03-29,1403,3,29,3,14,False,,False,False,False,False,False,7.0,1.0,False,False,True,,2.0,,False,False,False,False,2.0
2024-06-19,1403-03-30,1403,3,30,4,14,False,,False,False,False,False,False,6.0,2.0,False,False,False,,2.0,,False,False,False,False,1.0
2024-06-20,1403-03-31,1403,3,31,5,14,False,,False,False,False,False,False,5.0,3.0,False,True,False,,2.0,,False,False,True,True,0.0
2024-06-21,1403-04-01,1403,4,1,6,14,True,,False,False,False,False,True,4.0,4.0,False,False,False,1.0,2.0,,False,False,True,True,
2024-06-22,1403-04-02,1403,4,2,0,15,False,,False,False,False,False,False,3.0,5.0,False,False,True,,2.0,,False,False,True,True,
2024-06-23,1403-04-03,1403,4,3,1,15,False,,False,False,False,False,False,2.0,6.0,False,False,False,,2.0,,False,False,True,True,
2024-06-24,1403-04-04,1403,4,4,2,15,False,,False,False,False,False,False,1.0,7.0,False,True,False,,2.0,,False,False,True,True,
2024-06-25,1403-04-05,1403,4,5,3,15,False,Eid al-Ghadir,True,False,False,True,True,,8.0,False,False,False,1.0,2.0,,False,False,True,True,
2024-06-26,1403-04-06,1403,4,6,4,15,False,,False,False,False,False,False,,1.0,False,False,True,,2.0,,False,False,True,True,
2024-06-27,1403-04-07,1403,4,7,5,15,False,,False,False,False,False,False,,2.0,False,True,False,,2.0,,False,False,True,True,
2024-06-28,1403-04-08,1403,4,8,6,15,True,,False,False,False,False,True,,3.0,False,False,False,1.0,2.0,,False,False,True,True,
2024-06-29,1403-04-09,1403,4,9,0,16,False,,False,False,False,False,False,,4.0,False,False,True,,2.0,,False,False,True,True,
2024-06-30,1403-04-10,1403,4,10,1,16,False,,False,False,False,False,False,,5.0,False,False,False,,2.0,,False,False,True,True,
