event_id,date_start,date_end,date_jalali_start,date_jalali_end,event_type,scope,affected_meal,service_status,confidence,description,expected_effect,observed_in_data,source_url
aqi_episode_01,2023-11-23,2023-11-27,1402-09-02,1402-09-06,آلودگی_هوای_شدید,استان_تهران,هردو,سرو_ناقص,بالا,دوره‌ی پیوسته‌ی 5 روزه با AQI حداکثر روزانه ≥ 155 («ناسالم برای همه‌ی گروه‌ها»)؛ اوج دوره: AQI=177. استخراج‌شده از داده‌ی Open-Meteo پروژه، نه از خبر — پس تاریخ‌ها قطعی و بازتولیدپذیرند,کاهش تردد اختیاری و احتمال افزایش نرخ عدم‌دریافت؛ ⚠️ این ردیف جایگزین «تعطیلی رسمی» نیست — آلودگی شدید همیشه به تعطیلی منجر نشده است,2023-11-23 lunch: ρ=0.067 (z=-0.2) | 2023-11-23 dinner: ρ=0.088 (z=+0.6) | 2023-11-24: بدون سرو | … (3 سطر میانی حذف شد) | 2023-11-26 dinner: ρ=0.046 (z=-0.1) | 2023-11-27 lunch: ρ=0.066 (z=-0.6) | 2023-11-27 dinner: ρ=0.045 (z=-0.3),derived:weather_aqi_tehran.csv
aqi_episode_02,2023-11-30,2023-12-08,1402-09-09,1402-09-17,آلودگی_هوای_شدید,استان_تهران,هردو,سرو_ناقص,بالا,دوره‌ی پیوسته‌ی 9 روزه با AQI حداکثر روزانه ≥ 155 («ناسالم برای همه‌ی گروه‌ها»)؛ اوج دوره: AQI=175. استخراج‌شده از داده‌ی Open-Meteo پروژه، نه از خبر — پس تاریخ‌ها قطعی و بازتولیدپذیرند,کاهش تردد اختیاری و احتمال افزایش نرخ عدم‌دریافت؛ ⚠️ این ردیف جایگزین «تعطیلی رسمی» نیست — آلودگی شدید همیشه به تعطیلی منجر نشده است,2023-11-30 lunch: ρ=0.062 (z=-0.3) | 2023-11-30 dinner: ρ=0.047 (z=-0.3) | 2023-12-01: بدون سرو | … (10 سطر میانی حذف شد) | 2023-12-07 lunch: ρ=0.060 (z=-0.4) | 2023-12-07 dinner: ρ=0.058 (z=-0.0) | 2023-12-08: بدون سرو,derived:weather_aqi_tehran.csv
aqi_episode_03,2023-12-12,2023-12-14,1402-09-21,1402-09-23,آلودگی_هوای_شدید,استان_تهران,هردو,سرو_کامل,بالا,دوره‌ی پیوسته‌ی 3 روزه با AQI حداکثر روزانه ≥ 155 («ناسالم برای همه‌ی گروه‌ها»)؛ اوج دوره: AQI=176. استخراج‌شده از داده‌ی Open-Meteo پروژه، نه از خبر — پس تاریخ‌ها قطعی و بازتولیدپذیرند,کاهش تردد اختیاری و احتمال افزایش نرخ عدم‌دریافت؛ ⚠️ این ردیف جایگزین «تعطیلی رسمی» نیست — آلودگی شدید همیشه به تعطیلی منجر نشده است,2023-12-12 lunch: ρ=0.087 (z=-0.1) | 2023-12-12 dinner: ρ=0.054 (z=-0.4) | 2023-12-13 lunch: ρ=0.098 (z=-0.4) | 2023-12-13 dinner: ρ=0.100 (z=+0.3) | 2023-12-14 lunch: ρ=0.083 (z=+0.4) | 2023-12-14 dinner: ρ=0.098 (z=+0.9),derived:weather_aqi_tehran.csv
derby_102,2023-12-14,2023-12-14,1402-09-23,1402-09-23,رویداد_ورزشی_باشگاهی,استان_تهران,شام,سرو_کامل,متوسط,دربی ۱۰۲ تهران، استقلال - پرسپولیس، ورزشگاه آزادی، پنجشنبه ۲۳ آذر ۱۴۰۲؛ نتیجه: تساوی ۱-۱,اثر انتظاری ضعیف: پنجشنبه است و حجم رزرو شام پنجشنبه‌ها ذاتاً بسیار کم است (۲۵۶ رزرو)، پس حتی اثر واقعی هم در نویز گم می‌شود,2023-12-14 lunch: ρ=0.083 (z=+0.4) | 2023-12-14 dinner: ρ=0.098 (z=+0.9),https://fa.wikipedia.org/wiki/%D9%81%D9%87%D8%B1%D8%B3%D8%AA_%D8%A8%D8%A7%D8%B2%DB%8C%E2%80%8C%D9%87%D8%A7%DB%8C_%D8%B4%D9%87%D8%B1%D8%A2%D9%88%D8%B1%D8%AF_%D8%AA%D9%87%D8%B1%D8%A7%D9%86
aqi_episode_04,2023-12-17,2023-12-23,1402-09-26,1402-10-02,آلودگی_هوای_شدید,استان_تهران,هردو,سرو_ناقص,بالا,دوره‌ی پیوسته‌ی 7 روزه با AQI حداکثر روزانه ≥ 155 («ناسالم برای همه‌ی گروه‌ها»)؛ اوج دوره: AQI=168. استخراج‌شده از داده‌ی Open-Meteo پروژه، نه از خبر — پس تاریخ‌ها قطعی و بازتولیدپذیرند,کاهش تردد اختیاری و احتمال افزایش نرخ عدم‌دریافت؛ ⚠️ این ردیف جایگزین «تعطیلی رسمی» نیست — آلودگی شدید همیشه به تعطیلی منجر نشده است,2023-12-17 lunch: ρ=0.067 (z=-0.1) | 2023-12-18 lunch: ρ=0.101 (z=+0.6) | 2023-12-18 dinner: ρ=0.070 (z=+0.3) | … (6 سطر میانی حذف شد) | 2023-12-22: بدون سرو | 2023-12-23 lunch: ρ=0.081 (z=+0.2) | 2023-12-23 dinner: ρ=0.053 (z=-0.1),derived:weather_aqi_tehran.csv
aqi_episode_05,2023-12-30,2024-01-03,1402-10-09,1402-10-13,آلودگی_هوای_شدید,استان_تهران,هردو,سرو_کامل,بالا,دوره‌ی پیوسته‌ی 5 روزه با AQI حداکثر روزانه ≥ 155 («ناسالم برای همه‌ی گروه‌ها»)؛ اوج دوره: AQI=162. استخراج‌شده از داده‌ی Open-Meteo پروژه، نه از خبر — پس تاریخ‌ها قطعی و بازتولیدپذیرند,کاهش تردد اختیاری و احتمال افزایش نرخ عدم‌دریافت؛ ⚠️ این ردیف جایگزین «تعطیلی رسمی» نیست — آلودگی شدید همیشه به تعطیلی منجر نشده است,2023-12-30 lunch: ρ=0.079 (z=+0.1) | 2023-12-30 dinner: ρ=0.052 (z=-0.1) | 2023-12-31 lunch: ρ=0.068 (z=-0.1) | … (4 سطر میانی حذف شد) | 2024-01-02 dinner: ρ=0.075 (z=+0.1) | 2024-01-03 lunch: ρ=0.134 (z=+0.8) | 2024-01-03 dinner: ρ=0.085 (z=+0.0),derived:weather_aqi_tehran.csv
kerman_bombing,2024-01-03,2024-01-03,1402-10-13,1402-10-13,رویداد_امنیتی,ملی,هردو,سرو_کامل,بالا,انفجار دوگانه‌ی تروریستی در مراسم سالگرد قاسم سلیمانی، گلزار شهدای کرمان، چهارشنبه ۱۳ دی ۱۴۰۲ ساعت ۱۵:۵۰–۱۶:۰۰؛ ۸۹ کشته و ۲۸۴ زخمی؛ داعش خراسان مسئولیت را پذیرفت,زمان انفجار (~۱۶:۰۰) پس از پایان بازه‌ی ناهار و پیش از شام است؛ احتمال کاهش حضور در شام همان روز و روز بعد؛ ⚠️ این تاریخ با ردیف `pollution_closure_13dey` هم‌پوشان است و اثر دو رویداد قابل تفکیک نیست,2024-01-03 lunch: ρ=0.134 (z=+0.8) | 2024-01-03 dinner: ρ=0.085 (z=+0.0),https://en.wikipedia.org/wiki/2024_Kerman_bombings
pollution_closure_13dey,2024-01-03,2024-01-03,1402-10-13,1402-10-13,تعطیلی_اضطراری_آلودگی,استان_تهران,هردو,سرو_کامل,متوسط,تعطیلی حضوری مدارس تهران (چهارشنبه ۱۳ دی ۱۴۰۲) به‌دلیل آلودگی هوا؛ مشخص نیست کلاس‌های دانشگاهی و ادارات هم مشمول تعطیلی بودند یا فقط مدارس K-12 استان تهران,احتمال کاهش حضور دانشجویان و افزایش نرخ عدم‌دریافت وعده‌های همان روز؛ در صورت تعطیلی حضوری کلاس‌های دانشگاه اثر به‌مراتب قوی‌تر خواهد بود؛ ⚠️ هم‌پوشان با `kerman_bombing`,2024-01-03 lunch: ρ=0.134 (z=+0.8) | 2024-01-03 dinner: ρ=0.085 (z=+0.0),https://www.delgarm.com/%D9%88%D8%B6%D8%B9%DB%8C%D8%AA-%D8%AA%D8%B9%D8%B7%DB%8C%D9%84%DB%8C-%D9%85%D8%AF%D8%A7%D8%B1%D8%B3-%D8%AA%D9%87%D8%B1%D8%A7%D9%86-%DA%86%D9%87%D8%A7%D8%B1%D8%B4%D9%86%D8%A8%D9%87-13-%D8%AF%DB%8C-1402.a306460
kerman_mourning_day,2024-01-04,2024-01-04,1402-10-14,1402-10-14,سوگواری_ملی,ملی,هردو,سرو_کامل,بالا,روز عزای عمومی سراسری اعلام‌شده توسط رئیس‌جمهور برای قربانیان انفجار کرمان؛ پنجشنبه ۱۴ دی ۱۴۰۲,عزای عمومی لزوماً تعطیلی رسمی نیست و سلف‌ها سرو داشتند؛ احتمال کاهش خفیف حضور و لغو مراسم/کلاس‌های فوق‌برنامه,2024-01-04 lunch: ρ=0.068 (z=-0.1) | 2024-01-04 dinner: ρ=0.107 (z=+1.1),https://www.aljazeera.com/news/2024/1/4/confusion-speculation-in-iran-after-twin-blasts-kill-more-than-80-people
friendly_burkina_faso,2024-01-05,2024-01-05,1402-10-15,1402-10-15,رویداد_ورزشی_ملی,ملی,شام,بدون_سرو,بالا,بازی دوستانه‌ی تدارکاتی ایران - بورکینافاسو، جزیره‌ی کیش، جمعه ۱۵ دی ۱۴۰۲؛ نتیجه: برد ۲-۱ ایران,بدون اثر قابل‌سنجش — جمعه‌ی بدون سرو (خارج از ایام امتحانات)؛ فقط برای کامل‌بودن آرشیو بازی‌های تیم ملی ثبت شده,2024-01-05: بدون سرو,https://en.wikipedia.org/wiki/Iran_national_football_team_results_(2020%E2%80%93present)
friendly_indonesia,2024-01-09,2024-01-09,1402-10-19,1402-10-19,رویداد_ورزشی_ملی,ملی,شام,سرو_کامل,متوسط,بازی دوستانه‌ی تدارکاتی ایران - اندونزی، الریان قطر، سه‌شنبه ۱۹ دی ۱۴۰۲؛ نتیجه: برد ۵-۰ ایران,بازی دوستانه (نه رقابتی) با جذابیت کم؛ اثر انتظاری بسیار ضعیف‌تر از بازی‌های جام ملت‌ها,2024-01-09 lunch: ρ=0.121 (z=+1.1) | 2024-01-09 dinner: ρ=0.076 (z=+0.1),https://en.wikipedia.org/wiki/Iran_national_football_team_results_(2020%E2%80%93present)
asian_cup_palestine,2024-01-14,2024-01-14,1402-10-24,1402-10-24,رویداد_ورزشی_ملی,ملی,شام,سرو_کامل,بالا,بازی گروهی ایران - فلسطین؛ جام ملت‌های آسیا ۲۰۲۳ قطر؛ یکشنبه، ساعت ۲۱:۰۰ به‌وقت تهران (۲۰:۳۰ به‌وقت قطر)؛ نتیجه: برد ۴-۱ ایران,احتمال کاهش نرخ دریافت شام یا جابه‌جایی زمان دریافت به‌خاطر هم‌زمانی با بازی,2024-01-14 lunch: ρ=0.100 (z=+1.0) | 2024-01-14 dinner: ρ=0.049 (z=-0.0),https://en.wikipedia.org/wiki/2023_AFC_Asian_Cup_Group_C
aqi_episode_06,2024-01-18,2024-01-25,1402-10-28,1402-11-05,آلودگی_هوای_شدید,استان_تهران,هردو,سرو_کامل,بالا,دوره‌ی پیوسته‌ی 8 روزه با AQI حداکثر روزانه ≥ 155 («ناسالم برای همه‌ی گروه‌ها»)؛ اوج دوره: AQI=178. استخراج‌شده از داده‌ی Open-Meteo پروژه، نه از خبر — پس تاریخ‌ها قطعی و بازتولیدپذیرند,کاهش تردد اختیاری و احتمال افزایش نرخ عدم‌دریافت؛ ⚠️ این ردیف جایگزین «تعطیلی رسمی» نیست — آلودگی شدید همیشه به تعطیلی منجر نشده است,2024-01-18 lunch: ρ=0.052 (z=-0.6) | 2024-01-18 dinner: ρ=0.031 (z=-0.6) | 2024-01-19 lunch: ρ=0.052 (z=+0.0) | … (10 سطر میانی حذف شد) | 2024-01-24 dinner: ρ=0.076 (z=-0.2) | 2024-01-25 lunch: ρ=0.047 (z=-0.8) | 2024-01-25 dinner: ρ=0.028 (z=-0.7),derived:weather_aqi_tehran.csv
asian_cup_hong_kong,2024-01-19,2024-01-19,1402-10-29,1402-10-29,رویداد_ورزشی_ملی,ملی,شام,سرو_کامل,بالا,بازی گروهی هنگ‌کنگ - ایران؛ جام ملت‌های آسیا؛ جمعه، ساعت ۲۱:۰۰ به‌وقت تهران (۲۰:۳۰ قطر)؛ نتیجه: برد ۱-۰ ایران,جمعه است ولی چون داخل ایام امتحانات پایان‌ترم قرار دارد استثنائاً سرو داشته (یکی از تنها ۵ جمعه‌ی سرودار کل بازه)؛ حجم رزرو جمعه‌ها پایین است و اثر باید با احتیاط تفسیر شود,2024-01-19 lunch: ρ=0.052 (z=+0.0) | 2024-01-19 dinner: ρ=0.018 (z=-1.2),https://en.wikipedia.org/wiki/2023_AFC_Asian_Cup_Group_C
asian_cup_uae,2024-01-23,2024-01-23,1402-11-03,1402-11-03,رویداد_ورزشی_ملی,ملی,شام,سرو_کامل,بالا,بازی گروهی ایران - امارات؛ جام ملت‌های آسیا؛ سه‌شنبه، ساعت ۱۸:۳۰ به‌وقت تهران (۱۸:۰۰ قطر)؛ نتیجه: برد ۲-۱ ایران و صعود به‌عنوان صدرنشین گروه C,نزدیک به آغاز بازه‌ی معمول سرو شام؛ احتمال کاهش جزئی نرخ دریافت,2024-01-23 lunch: ρ=0.102 (z=+0.4) | 2024-01-23 dinner: ρ=0.050 (z=-0.5),https://en.wikipedia.org/wiki/2023_AFC_Asian_Cup_Group_C
snow_episode_01,2024-01-28,2024-01-28,1402-11-08,1402-11-08,بارش_برف_سنگین,استان_تهران,هردو,سرو_کامل,بالا,بارش برف مجموعاً 5.81 سانتی‌متر با کمینه‌ی دمای -1.5°C؛ استخراج‌شده از داده‌ی Open-Meteo پروژه,اختلال تردد و احتمال افزایش نرخ عدم‌دریافت، به‌ویژه برای دانشجویان غیرخوابگاهی,2024-01-28 lunch: ρ=0.070 (z=-0.0) | 2024-01-28 dinner: ρ=0.039 (z=-0.2),derived:weather_aqi_tehran.csv
aqi_episode_07,2024-01-30,2024-02-01,1402-11-10,1402-11-12,آلودگی_هوای_شدید,استان_تهران,هردو,سرو_کامل,بالا,دوره‌ی پیوسته‌ی 3 روزه با AQI حداکثر روزانه ≥ 155 («ناسالم برای همه‌ی گروه‌ها»)؛ اوج دوره: AQI=166. استخراج‌شده از داده‌ی Open-Meteo پروژه، نه از خبر — پس تاریخ‌ها قطعی و بازتولیدپذیرند,کاهش تردد اختیاری و احتمال افزایش نرخ عدم‌دریافت؛ ⚠️ این ردیف جایگزین «تعطیلی رسمی» نیست — آلودگی شدید همیشه به تعطیلی منجر نشده است,2024-01-30 lunch: ρ=0.088 (z=-0.0) | 2024-01-30 dinner: ρ=0.063 (z=-0.2) | 2024-01-31 lunch: ρ=0.112 (z=+0.0) | 2024-01-31 dinner: ρ=0.091 (z=+0.1) | 2024-02-01 lunch: ρ=0.086 (z=+0.5) | 2024-02-01 dinner: ρ=0.157 (z=+2.2),derived:weather_aqi_tehran.csv
asian_cup_syria_r16,2024-01-31,2024-01-31,1402-11-11,1402-11-11,رویداد_ورزشی_ملی,ملی,هردو,سرو_کامل,بالا,یک‌هشتم‌نهایی ایران - سوریه؛ جام ملت‌های آسیا؛ چهارشنبه، ساعت ۱۶:۳۰ به‌وقت تهران (۱۶:۰۰ قطر)؛ نتیجه: مساوی ۱-۱ در وقت قانونی و برد ۵-۳ ایران در ضربات پنالتی,بین بازه‌ی معمول ناهار و شام؛ ممکن است رفتار دریافت وعده‌ی عصر/شام روز را تحت تأثیر قرار دهد,2024-01-31 lunch: ρ=0.112 (z=+0.0) | 2024-01-31 dinner: ρ=0.091 (z=+0.1),https://www.espn.com/soccer/match/_/gameId/698049/syria-iran
snow_episode_02,2024-02-01,2024-02-02,1402-11-12,1402-11-13,بارش_برف_سنگین,استان_تهران,هردو,سرو_کامل,بالا,بارش برف مجموعاً 7.21 سانتی‌متر با کمینه‌ی دمای -1.5°C؛ استخراج‌شده از داده‌ی Open-Meteo پروژه,اختلال تردد و احتمال افزایش نرخ عدم‌دریافت، به‌ویژه برای دانشجویان غیرخوابگاهی,2024-02-01 lunch: ρ=0.086 (z=+0.5) | 2024-02-01 dinner: ρ=0.157 (z=+2.2) | 2024-02-02 lunch: ρ=0.095 (z=+1.5) | 2024-02-02 dinner: ρ=0.077 (z=+0.1),derived:weather_aqi_tehran.csv
asian_cup_japan_qf,2024-02-03,2024-02-03,1402-11-14,1402-11-14,رویداد_ورزشی_ملی,ملی,ناهار,سرو_کامل,بالا,یک‌چهارم‌نهایی ایران - ژاپن؛ جام ملت‌های آسیا؛ شنبه، ساعت ۱۵:۰۰ به‌وقت تهران (۱۱:۳۰ UTC)؛ نتیجه: برد دراماتیک ۲-۱ ایران با پنالتی دقیقه ۹۶,بلافاصله پس از پایان بازه‌ی معمول سرو ناهار؛ احتمال تجمع دانشجویان برای تماشای بازی هم‌زمان با ناهار و کاهش نرخ دریافت؛ این روز (۱۴ بهمن) آخرین روز امتحانات پایان‌ترم است و سرو داشت — درست پیش از شروع تعطیلات بین‌ترم,2024-02-03 lunch: ρ=0.066 (z=-0.3) | 2024-02-03 dinner: ρ=0.061 (z=+0.1),https://www.aljazeera.com/sports/2024/2/3/iran-beat-japan-2-1-for-a-place-in-afc-asian-cup-2023-semifinal
asian_cup_qatar_sf,2024-02-07,2024-02-07,1402-11-18,1402-11-18,رویداد_ورزشی_ملی,ملی,شام,بدون_سرو,بالا,نیمه‌نهایی ایران - قطر (میزبان)؛ جام ملت‌های آسیا؛ چهارشنبه، ساعت ۱۸:۳۰ به‌وقت تهران (۱۸:۰۰ قطر)؛ نتیجه: باخت ۳-۲ ایران و حذف از جام,داخل بازه‌ی تعطیلات بین‌ترم (۱۵ تا ۲۰ بهمن) و بدون سرو؛ باخت پرحاشیه (اعتراض به داوری) ممکن است اثر روانی روزهای پس از بازگشایی ترم را داشته باشد,2024-02-07: بدون سرو,https://www.aljazeera.com/sports/2024/2/7/qatar-edge-iran-3-2-in-dramatic-asian-cup-2023-semifinal
aqi_episode_08,2024-02-13,2024-02-14,1402-11-24,1402-11-25,آلودگی_هوای_شدید,استان_تهران,هردو,سرو_کامل,بالا,دوره‌ی پیوسته‌ی 2 روزه با AQI حداکثر روزانه ≥ 155 («ناسالم برای همه‌ی گروه‌ها»)؛ اوج دوره: AQI=159. استخراج‌شده از داده‌ی Open-Meteo پروژه، نه از خبر — پس تاریخ‌ها قطعی و بازتولیدپذیرند,کاهش تردد اختیاری و احتمال افزایش نرخ عدم‌دریافت؛ ⚠️ این ردیف جایگزین «تعطیلی رسمی» نیست — آلودگی شدید همیشه به تعطیلی منجر نشده است,2024-02-13 lunch: ρ=0.126 (z=+1.2) | 2024-02-13 dinner: ρ=0.094 (z=+0.5) | 2024-02-14 lunch: ρ=0.178 (z=+2.3) | 2024-02-14 dinner: ρ=0.108 (z=+0.5),derived:weather_aqi_tehran.csv
aqi_episode_09,2024-02-20,2024-02-23,1402-12-01,1402-12-04,آلودگی_هوای_شدید,استان_تهران,هردو,سرو_ناقص,بالا,دوره‌ی پیوسته‌ی 4 روزه با AQI حداکثر روزانه ≥ 155 («ناسالم برای همه‌ی گروه‌ها»)؛ اوج دوره: AQI=163. استخراج‌شده از داده‌ی Open-Meteo پروژه، نه از خبر — پس تاریخ‌ها قطعی و بازتولیدپذیرند,کاهش تردد اختیاری و احتمال افزایش نرخ عدم‌دریافت؛ ⚠️ این ردیف جایگزین «تعطیلی رسمی» نیست — آلودگی شدید همیشه به تعطیلی منجر نشده است,2024-02-20 lunch: ρ=0.093 (z=+0.1) | 2024-02-20 dinner: ρ=0.068 (z=-0.1) | 2024-02-21 lunch: ρ=0.115 (z=+0.1) | … (1 سطر میانی حذف شد) | 2024-02-22 lunch: ρ=0.081 (z=+0.3) | 2024-02-22 dinner: ρ=0.070 (z=+0.2) | 2024-02-23: بدون سرو,derived:weather_aqi_tehran.csv
snow_episode_03,2024-02-25,2024-02-25,1402-12-06,1402-12-06,بارش_برف_سنگین,استان_تهران,هردو,سرو_ناقص,بالا,بارش برف مجموعاً 1.82 سانتی‌متر با کمینه‌ی دمای -0.1°C؛ استخراج‌شده از داده‌ی Open-Meteo پروژه,اختلال تردد و احتمال افزایش نرخ عدم‌دریافت، به‌ویژه برای دانشجویان غیرخوابگاهی,2024-02-25 lunch: ρ=0.066 (z=-0.1),derived:weather_aqi_tehran.csv
snow_episode_04,2024-02-28,2024-02-28,1402-12-09,1402-12-09,بارش_برف_سنگین,استان_تهران,هردو,سرو_کامل,بالا,بارش برف مجموعاً 1.89 سانتی‌متر با کمینه‌ی دمای -1.2°C؛ استخراج‌شده از داده‌ی Open-Meteo پروژه,اختلال تردد و احتمال افزایش نرخ عدم‌دریافت، به‌ویژه برای دانشجویان غیرخوابگاهی,2024-02-28 lunch: ρ=0.151 (z=+1.4) | 2024-02-28 dinner: ρ=0.090 (z=+0.1),derived:weather_aqi_tehran.csv
majlis_election_round1,2024-03-01,2024-03-01,1402-12-11,1402-12-11,انتخابات,ملی,هردو,بدون_سرو,بالا,مرحله‌ی اول انتخابات دوازدهمین دوره‌ی مجلس شورای اسلامی و ششمین دوره‌ی مجلس خبرگان رهبری؛ جمعه ۱۱ اسفند ۱۴۰۲؛ مشارکت ۴۰٫۶٪ (کمترین در تاریخ انتخابات مجلس),احتمال سفر برخی دانشجویان به شهر محل رأی‌گیری خود و کاهش رزرو/حضور در روزهای مجاور؛ چون جمعه است و سرو ندارد، اثر فقط به‌صورت سرریز روی چهارشنبه/پنجشنبه قبل و شنبه بعد قابل جست‌وجو است,2024-03-01: بدون سرو,https://en.wikipedia.org/wiki/2024_Iranian_legislative_election
aqi_episode_10,2024-03-02,2024-03-06,1402-12-12,1402-12-16,آلودگی_هوای_شدید,استان_تهران,هردو,سرو_کامل,بالا,دوره‌ی پیوسته‌ی 5 روزه با AQI حداکثر روزانه ≥ 155 («ناسالم برای همه‌ی گروه‌ها»)؛ اوج دوره: AQI=176. استخراج‌شده از داده‌ی Open-Meteo پروژه، نه از خبر — پس تاریخ‌ها قطعی و بازتولیدپذیرند,کاهش تردد اختیاری و احتمال افزایش نرخ عدم‌دریافت؛ ⚠️ این ردیف جایگزین «تعطیلی رسمی» نیست — آلودگی شدید همیشه به تعطیلی منجر نشده است,2024-03-02 lunch: ρ=0.106 (z=+1.0) | 2024-03-02 dinner: ρ=0.063 (z=+0.2) | 2024-03-03 lunch: ρ=0.064 (z=-0.2) | … (4 سطر میانی حذف شد) | 2024-03-05 dinner: ρ=0.092 (z=+0.5) | 2024-03-06 lunch: ρ=0.113 (z=+0.1) | 2024-03-06 dinner: ρ=0.126 (z=+0.9),derived:weather_aqi_tehran.csv
bus_drivers_strike,2024-03-06,2024-03-06,1402-12-16,1402-12-16,اعتصاب,استان_تهران,هردو,سرو_کامل,متوسط,اعتصاب رانندگان اتوبوسرانی تهران (خط ۷ سامانه BRT ۴) در اعتراض به عدم پرداخت عیدی پایان سال از سوی شهرداری؛ چهارشنبه ۱۶ اسفند ۱۴۰۲,احتمال کاهش جزئی حضور دانشجویانی که با اتوبوس شهری تردد می‌کنند؛ اثر محتمل محدود چون بخش زیادی از دانشجویان خوابگاهی نزدیک پردیس هستند,2024-03-06 lunch: ρ=0.113 (z=+0.1) | 2024-03-06 dinner: ρ=0.126 (z=+0.9),https://ir.voanews.com/a/dozens-of-tehran-bus-drivers-strike-on-wednesday-over-unpaid-benefits/7517281.html
ramadan_1445,2024-03-12,2024-04-09,1402-12-22,1403-01-21,ماه_رمضان,ملی,هردو,سرو_ناقص,بالا,ماه رمضان ۱۴۴۵ در ایران: ۱ رمضان = سه‌شنبه ۲۲ اسفند ۱۴۰۲ (۱۲ مارس ۲۰۲۴) تا ۳۰ رمضان = ۲۱ فروردین ۱۴۰۳ (۹ آوریل ۲۰۲۴). **مهم‌ترین رویداد ساختاری کل بازه‌ی داده**: سرو ناهار در تمام این ۲۹ روز کاملاً متوقف شده و فقط شام (افطار) سرو شده است — در داده‌ی تجمیعی هیچ ردیف ناهاری بین ۲۰۲۴-۰۳-۱۲ و ۲۰۲۴-۰۴-۰۹ وجود ندارد,قطع کامل سری زمانی ناهار به‌مدت ۲۹ روز (شکاف ساختاری، نه داده‌ی گمشده) و تغییر رژیم سری شام؛ نرخ عدم‌دریافت شام در روزهای نخست رمضان به‌شدت بالا می‌رود (سازگاری رفتاری با افطار). ⚠️ هر فیچر lag/rolling که از این مرز عبور کند بی‌معنا است؛ بند ۵.۲ و ۵.۳ باید این شکاف را صریحاً مدیریت کند. توصیه: افزودن `is_ramadan` به `src/data/calendar.py` طبق بند ۵.۱ WBS,2024-03-12 dinner: ρ=0.202 (z=+2.9) | 2024-03-13 dinner: ρ=0.251 (z=+3.7) | 2024-03-14 dinner: ρ=0.279 (z=+4.9) | … (23 سطر میانی حذف شد) | 2024-04-07 dinner: ρ=0.100 (z=+1.1) | 2024-04-08 dinner: ρ=0.094 (z=+0.8) | 2024-04-09 dinner: ρ=0.132 (z=+1.4),https://www.moroccoworldnews.com/2024/03/22232/ramadan-2024-official-start-date-in-iran-will-be-march-12/
derby_103,2024-03-13,2024-03-13,1402-12-23,1402-12-23,رویداد_ورزشی_باشگاهی,استان_تهران,شام,سرو_ناقص,متوسط,دربی ۱۰۳ تهران، پرسپولیس - استقلال، ورزشگاه آزادی، شامگاه چهارشنبه ۲۳ اسفند ۱۴۰۲ ساعت ۲۰:۰۰,هم‌زمان با بازه‌ی سرو افطار در دومین روز رمضان؛ ⚠️ اثر آن از اثر شروع رمضان (`ramadan_1445`) قابل تفکیک نیست و نباید جداگانه تفسیر شود,2024-03-13 dinner: ρ=0.251 (z=+3.7),https://www.mehrnews.com/news/6050100/
nowruz_1403,2024-03-18,2024-03-29,1402-12-28,1403-01-10,تعطیلات_نوروز,ملی,هردو,بدون_سرو,بالا,بلوک تعطیلات نوروز ۱۴۰۳ در تقویم آموزشی دانشگاه تهران؛ در داده‌ی سامانه هیچ سروی بین ۲۰۲۴-۰۳-۱۸ و ۲۰۲۴-۰۳-۲۹ ثبت نشده است,شکاف ساختاری ۱۲ روزه در هر دو سری ناهار و شام؛ در `calendar_tehran.csv` با `is_nowruz_block` پوشش داده شده — این ردیف فقط برای انسجام آرشیو رویدادی است,2024-03-18: بدون سرو | 2024-03-19: بدون سرو | 2024-03-20: بدون سرو | … (6 سطر میانی حذف شد) | 2024-03-27: بدون سرو | 2024-03-28: بدون سرو | 2024-03-29: بدون سرو,derived:calendar_tehran.csv
wcq_turkmenistan_home,2024-03-21,2024-03-21,1403-01-02,1403-01-02,رویداد_ورزشی_ملی,ملی,شام,بدون_سرو,بالا,مقدماتی جام جهانی ۲۰۲۶، ایران - ترکمنستان، تهران، ۲ فروردین ۱۴۰۳؛ نتیجه: برد ۵-۰ ایران,بدون اثر قابل‌سنجش — داخل بلوک تعطیلات نوروز و بدون سرو,2024-03-21: بدون سرو,https://en.wikipedia.org/wiki/Iran_national_football_team_results_(2020%E2%80%93present)
wcq_turkmenistan_away,2024-03-26,2024-03-26,1403-01-07,1403-01-07,رویداد_ورزشی_ملی,ملی,شام,بدون_سرو,بالا,مقدماتی جام جهانی ۲۰۲۶، ترکمنستان - ایران، عشق‌آباد، ۷ فروردین ۱۴۰۳؛ نتیجه: برد ۱-۰ ایران,بدون اثر قابل‌سنجش — داخل بلوک تعطیلات نوروز و بدون سرو,2024-03-26: بدون سرو,https://en.wikipedia.org/wiki/Iran_national_football_team_results_(2020%E2%80%93present)
damascus_consulate_strike,2024-04-01,2024-04-01,1403-01-13,1403-01-13,رویداد_امنیتی,بین‌المللی,هردو,بدون_سرو,بالا,حمله‌ی هوایی اسرائیل به بخش کنسولی سفارت ایران در دمشق، ۱۳ فروردین ۱۴۰۳؛ ۱۶ کشته شامل سردار محمدرضا زاهدی؛ نقطه‌ی شروع رویارویی مستقیم ایران و اسرائیل,روز تعطیل رسمی (شهادت امام علی + روز طبیعت) و بدون سرو؛ اثر آن از طریق فضای امنیتی روزهای بعد و رویداد `iran_strike_israel` دنبال می‌شود,2024-04-01: بدون سرو,https://en.wikipedia.org/wiki/Israeli_airstrike_on_the_Iranian_consulate_in_Damascus
eid_fitr_1445,2024-04-10,2024-04-11,1403-01-22,1403-01-23,عید_مذهبی,ملی,شام,سرو_ناقص,بالا,عید فطر ۱۴۴۵؛ چهارشنبه ۲۲ فروردین ۱۴۰۳ (۱۰ آوریل ۲۰۲۴) و روز تعطیل پس از آن. در داده: سرو ناهار دقیقاً از همین روز از سر گرفته شده و در عوض سرو شام در ۲۲ و ۲۳ فروردین کاملاً متوقف بوده,نقطه‌ی بازگشت رژیم ناهار و شکاف دوروزه در سری شام؛ حجم رزرو ناهار در روزهای نخست پس از عید هنوز به سطح عادی نرسیده و به‌تدریج بازمی‌گردد,2024-04-10 lunch: ρ=0.090 (z=-0.7) | 2024-04-11 lunch: ρ=0.095 (z=+0.8),https://www.zakat.org/when-is-eid-al-fitr-2024
iran_strike_israel,2024-04-13,2024-04-14,1403-01-25,1403-01-26,رویداد_امنیتی,بین‌المللی,شام,سرو_کامل,بالا,عملیات «وعده‌ی صادق»: شلیک بیش از ۳۰۰ پهپاد و موشک ایران به اسرائیل؛ آغاز پرتاب‌ها شامگاه شنبه ۲۵ فروردین ۱۴۰۳ و اصابت حوالی ۲:۰۰ بامداد یکشنبه ۲۶ فروردین به‌وقت ایران؛ نخستین حمله‌ی مستقیم نظامی ایران به اسرائیل,هم‌زمانی پرتاب‌ها با بازه‌ی سرو شام شنبه؛ انتظار افزایش نرخ عدم‌دریافت شام و احتمال ماندن دانشجویان پای اخبار,2024-04-13 lunch: ρ=0.076 (z=+0.0) | 2024-04-13 dinner: ρ=0.065 (z=+0.2) | 2024-04-14 lunch: ρ=0.084 (z=+0.4) | 2024-04-14 dinner: ρ=0.062 (z=+0.3),https://simple.wikipedia.org/wiki/April_2024_Iranian_strikes_against_Israel
isfahan_strike,2024-04-19,2024-04-19,1403-01-31,1403-01-31,رویداد_امنیتی,بین‌المللی,هردو,بدون_سرو,بالا,حمله‌ی هوایی اسرائیل به یک سایت پدافند هوایی نزدیک اصفهان، ساعت ۵:۲۳ بامداد جمعه ۳۱ فروردین ۱۴۰۳؛ ایران خسارت را تکذیب کرد,جمعه است و سرو ندارد؛ اثر احتمالی فقط از طریق فضای امنیتی و سرریز به شنبه ۱ اردیبهشت,2024-04-19: بدون سرو,https://en.wikipedia.org/wiki/April_2024_Israeli_strikes_on_Iran
majlis_election_round2,2024-05-10,2024-05-10,1403-02-21,1403-02-21,انتخابات,ملی,هردو,بدون_سرو,بالا,مرحله‌ی دوم انتخابات دوازدهمین دوره‌ی مجلس شورای اسلامی در ۲۲ حوزه‌ی انتخابیه از جمله تهران؛ جمعه ۲۱ اردیبهشت ۱۴۰۳؛ رأی‌گیری الکترونیکی در تهران,مشابه مرحله‌ی اول: احتمال سفر دانشجویان به شهر محل رأی‌گیری؛ جمعه و بدون سرو، پس فقط اثر سرریز روی روزهای مجاور قابل بررسی است,2024-05-10: بدون سرو,https://www.irna.ir/news/85421995/
raisi_helicopter_crash,2024-05-19,2024-05-21,1403-02-30,1403-03-01,سوگواری_ملی,ملی,هردو,سرو_کامل,بالا,سقوط بالگرد حامل ابراهیم رئیسی رئیس‌جمهور و حسین امیرعبداللهیان وزیر امور خارجه در ورزقان آذربایجان شرقی، یکشنبه ۳۰ اردیبهشت ۱۴۰۳ حوالی ساعت ۱۳:۳۰؛ تأیید مرگ در ۳۱ اردیبهشت و اعلام ۵ روز عزای عمومی توسط رهبری. تعطیلی سراسری ادارات برای تشییع در ۲ خرداد اعلام شد که **خارج از بازه‌ی داده‌ی ماست** (داده در ۱ خرداد ۱۴۰۳ تمام می‌شود),قوی‌ترین رویداد انتهای بازه: انتظار افزایش پلکانی نرخ عدم‌دریافت در سه روز پایانی داده به‌دلیل عزای عمومی، لغو کلاس‌ها و مراسم تشییع؛ ⚠️ چون این سه روز آخرین روزهای سری زمانی‌اند، در تقسیم زمانی فاز ۶ کاملاً داخل مجموعه‌ی آزمون می‌افتند و می‌توانند ارزیابی را سوگیر کنند — این نکته باید در طراحی backtest لحاظ شود,2024-05-19 lunch: ρ=0.065 (z=-0.2) | 2024-05-19 dinner: ρ=0.043 (z=-0.2) | 2024-05-20 lunch: ρ=0.100 (z=+0.5) | 2024-05-20 dinner: ρ=0.058 (z=+0.0) | 2024-05-21 lunch: ρ=0.125 (z=+1.2) | 2024-05-21 dinner: ρ=0.097 (z=+0.6),https://en.wikipedia.org/wiki/2024_Varzaqan_helicopter_crash
