raw_food_name,main_food,canonical_food,matched,match_score,has_extras,extras_list
2 خوراک چیکن استروگانوف+پوره سیب زمینی+نوشیدنی,2 خوراک چیکن استروگانوف,2 خوراک چیکن استروگانوف,True,100.0,True,پوره سیب زمینی|نوشیدنی
3 بسته ارزاق (ایام تعطیل),3 بسته ارزاق,3 بسته ارزاق,False,45.0,False,
آش,آش,آش,False,57.0,False,
استانبولی با گوشت+بامیه,استانبولی با گوشت,استانبولی پلو با گوشت,True,95.0,True,بامیه
استانبولی با گوشت+سالاد,استانبولی با گوشت,استانبولی پلو با گوشت,True,95.0,True,سالاد
استانبولی با گوشت+ماست,استانبولی با گوشت,استانبولی پلو با گوشت,True,95.0,True,ماست
استانبولی با گوشت+ماست موسیر,استانبولی با گوشت,استانبولی پلو با گوشت,True,95.0,True,ماست موسیر
استانبولی با گوشت+ماست و خیار,استانبولی با گوشت,استانبولی پلو با گوشت,True,95.0,True,ماست و خیار
استانبولی با گوشت+ماست+میوه,استانبولی با گوشت,استانبولی پلو با گوشت,True,95.0,True,ماست|میوه
استانبولی پلو با سویا(رستوران آزاد-کشاورزی),استانبولی پلو با سویا,استانبولی پلو با سویا,False,85.71,False,
استانبولی پلو با مرغ+سالاد شیرازی,استانبولی پلو با مرغ,استانبولی پلو با مرغ,True,100.0,True,سالاد شیرازی
استانبولی پلو با مرغ+سالاد شیرازی+میوه,استانبولی پلو با مرغ,استانبولی پلو با مرغ,True,100.0,True,سالاد شیرازی|میوه
استانبولی پلو با مرغ+سالاد کلم,استانبولی پلو با مرغ,استانبولی پلو با مرغ,True,100.0,True,سالاد کلم
استانبولی پلو با مرغ+ماست موسیر,استانبولی پلو با مرغ,استانبولی پلو با مرغ,True,100.0,True,ماست موسیر
استانبولی پلو با مرغ+ماست و خیار,استانبولی پلو با مرغ,استانبولی پلو با مرغ,True,100.0,True,ماست و خیار
استانبولی پلو با مرغ+ماست+میوه,استانبولی پلو با مرغ,استانبولی پلو با مرغ,True,100.0,True,ماست|میوه
استانبولی پلو با مرغ+میوه+ماست و خیار,استانبولی پلو با مرغ,استانبولی پلو با مرغ,True,100.0,True,میوه|ماست و خیار
استانبولی پلو با مرغ+نوشیدنی,استانبولی پلو با مرغ,استانبولی پلو با مرغ,True,100.0,True,نوشیدنی
استانبولی پلو با گوشت + سالاد + میوه,استانبولی پلو با گوشت,استانبولی پلو با گوشت,True,100.0,True,سالاد|میوه
استانبولی پلو با گوشت + ماست + میوه,استانبولی پلو با گوشت,استانبولی پلو با گوشت,True,100.0,True,ماست|میوه
استانبولی پلو با گوشت+ماست موسیر+میوه,استانبولی پلو با گوشت,استانبولی پلو با گوشت,True,100.0,True,ماست موسیر|میوه
افطار روزانه (7 روز),افطار روزانه,افطار روزانه,False,47.5,False,
باقلاپلو با مرغ+سالاد,باقلاپلو با مرغ,باقلاپلو با مرغ,True,100.0,True,سالاد
باقلاپلو با مرغ+سالاد کلم,باقلاپلو با مرغ,باقلاپلو با مرغ,True,100.0,True,سالاد کلم
باقلاپلو با مرغ+سوپ,باقلاپلو با مرغ,باقلاپلو با مرغ,True,100.0,True,سوپ
باقلاپلو با مرغ+سوپ جو,باقلاپلو با مرغ,باقلاپلو با مرغ,True,100.0,True,سوپ جو
باقلاپلو با مرغ+ماست موسیر,باقلاپلو با مرغ,باقلاپلو با مرغ,True,100.0,True,ماست موسیر
باقلاپلو با مرغ+ماست موسیر+میوه,باقلاپلو با مرغ,باقلاپلو با مرغ,True,100.0,True,ماست موسیر|میوه
باقلاپلو با مرغ+میوه+ژله تک نفره,باقلاپلو با مرغ,باقلاپلو با مرغ,True,100.0,True,میوه|ژله تک نفره
باقلاپلو با مرغ+ژله تک نفره,باقلاپلو با مرغ,باقلاپلو با مرغ,True,100.0,True,ژله تک نفره
باقلاپلو با گوشت+آش جو,باقلاپلو با گوشت,باقلاپلو با گوشت,True,100.0,True,آش جو
باقلاپلو با گوشت+دوغ,باقلاپلو با گوشت,باقلاپلو با گوشت,True,100.0,True,دوغ
باقلاپلو با گوشت+سالاد,باقلاپلو با گوشت,باقلاپلو با گوشت,True,100.0,True,سالاد
باقلاپلو با گوشت+سالاد شیرازی,باقلاپلو با گوشت,باقلاپلو با گوشت,True,100.0,True,سالاد شیرازی
باقلاپلو با گوشت+سالاد+میوه,باقلاپلو با گوشت,باقلاپلو با گوشت,True,100.0,True,سالاد|میوه
باقلاپلو با گوشت+ماست,باقلاپلو با گوشت,باقلاپلو با گوشت,True,100.0,True,ماست
باقلاپلو با گوشت+ماست موسیر,باقلاپلو با گوشت,باقلاپلو با گوشت,True,100.0,True,ماست موسیر
باقلاپلو با گوشت+ماست و خیار,باقلاپلو با گوشت,باقلاپلو با گوشت,True,100.0,True,ماست و خیار
باقلاپلو با گوشت+میوه,باقلاپلو با گوشت,باقلاپلو با گوشت,True,100.0,True,میوه
باقلاپلو با گوشت+میوه+ماست و خیار,باقلاپلو با گوشت,باقلاپلو با گوشت,True,100.0,True,میوه|ماست و خیار
خرید از بوفه روزانه,خرید از بوفه روزانه,خرید از بوفه روزانه,False,56.41,False,
خرید از بوفه هفتگی (5 روز),خرید از بوفه هفتگی,خرید از بوفه هفتگی,False,55.56,False,
خوراک آبگوشت,خوراک آبگوشت,خوراک آبگوشت,True,100.0,False,
خوراک آبگوشت+ترشی (60 گرم),خوراک آبگوشت,خوراک آبگوشت,True,100.0,True,ترشی (60 گرم)
خوراک آبگوشت+دوغ,خوراک آبگوشت,خوراک آبگوشت,True,100.0,True,دوغ
خوراک آبگوشت+دوغ+میوه+نان سنگک,خوراک آبگوشت,خوراک آبگوشت,True,100.0,True,دوغ|میوه|نان سنگک
خوراک آبگوشت+دوغ+نان بربری,خوراک آبگوشت,خوراک آبگوشت,True,100.0,True,دوغ|نان بربری
خوراک آبگوشت+دوغ+نان سنگک,خوراک آبگوشت,خوراک آبگوشت,True,100.0,True,دوغ|نان سنگک
خوراک آبگوشت+ماست,خوراک آبگوشت,خوراک آبگوشت,True,100.0,True,ماست
خوراک آبگوشت+ماست موسیر,خوراک آبگوشت,خوراک آبگوشت,True,100.0,True,ماست موسیر
خوراک آبگوشت+ماست موسیر+نان سنگک,خوراک آبگوشت,خوراک آبگوشت,True,100.0,True,ماست موسیر|نان سنگک
خوراک آبگوشت+ماست+نان سنگک,خوراک آبگوشت,خوراک آبگوشت,True,100.0,True,ماست|نان سنگک
خوراک آبگوشت+میوه+نوشیدنی,خوراک آبگوشت,خوراک آبگوشت,True,100.0,True,میوه|نوشیدنی
خوراک آبگوشت+نان سنگک+ترشی (60 گرم),خوراک آبگوشت,خوراک آبگوشت,True,100.0,True,نان سنگک|ترشی (60 گرم)
خوراک بادمجان(یتیمچه),خوراک بادمجان,خوراک بادمجان,True,100.0,False,
خوراک بادمجان(یتیمچه) + ماست,خوراک بادمجان,خوراک بادمجان,True,100.0,True,ماست
خوراک بادمجان(یتیمچه)+ میوه,خوراک بادمجان,خوراک بادمجان,True,100.0,True,میوه
خوراک بادمجان(یتیمچه)+ ژله تک نفره,خوراک بادمجان,خوراک بادمجان,True,100.0,True,ژله تک نفره
خوراک بادمجان(یتیمچه)+آش,خوراک بادمجان,خوراک بادمجان,True,100.0,True,آش
خوراک بادمجان(یتیمچه)+سالاد,خوراک بادمجان,خوراک بادمجان,True,100.0,True,سالاد
خوراک بادمجان(یتیمچه)+ماست موسیر,خوراک بادمجان,خوراک بادمجان,True,100.0,True,ماست موسیر
خوراک بادمجان(یتیمچه)+ژله تک نفره,خوراک بادمجان,خوراک بادمجان,True,100.0,True,ژله تک نفره
خوراک بیف استروگانوف+آش رشته+پوره سیب زمینی,خوراک بیف استروگانوف,خوراک بیف استروگانوف,True,100.0,True,آش رشته|پوره سیب زمینی
خوراک بیف استروگانوف+سالاد,خوراک بیف استروگانوف,خوراک بیف استروگانوف,True,100.0,True,سالاد
خوراک بیف استروگانوف+سیب زمینی سرخ کرده+میوه,خوراک بیف استروگانوف,خوراک بیف استروگانوف,True,100.0,True,سیب زمینی سرخ کرده|میوه
خوراک بیف استروگانوف+میوه,خوراک بیف استروگانوف,خوراک بیف استروگانوف,True,100.0,True,میوه
خوراک بیف استروگانوف+پوره سیب زمینی+سوپ,خوراک بیف استروگانوف,خوراک بیف استروگانوف,True,100.0,True,پوره سیب زمینی|سوپ
خوراک بیف استروگانوف+پوره سیب زمینی+میوه,خوراک بیف استروگانوف,خوراک بیف استروگانوف,True,100.0,True,پوره سیب زمینی|میوه
خوراک بیف استروگانوف+ژله تک نفره,خوراک بیف استروگانوف,خوراک بیف استروگانوف,True,100.0,True,ژله تک نفره
خوراک جوجه چینی,خوراک جوجه چینی,خوراک جوجه چینی,True,100.0,False,
خوراک جوجه چینی+سیب زمینی سرخ کرده+سس کچاپ(تکنفره)+مخلفات,خوراک جوجه چینی,خوراک جوجه چینی,True,100.0,True,سیب زمینی سرخ کرده|سس کچاپ(تکنفره)|مخلفات
خوراک جوجه چینی+سیب زمینی سرخ کرده+سس کچاپ(تکنفره)+گوجه فرنگی حلقه ای (60 گرم)+میوه+خیار شور (50 گرم),خوراک جوجه چینی,خوراک جوجه چینی,True,100.0,True,سیب زمینی سرخ کرده|سس کچاپ(تکنفره)|گوجه فرنگی حلقه ای (60 گرم)|میوه|خیار شور (50 گرم)
خوراک جوجه چینی+سیب زمینی سرخ کرده+مخلفات,خوراک جوجه چینی,خوراک جوجه چینی,True,100.0,True,سیب زمینی سرخ کرده|مخلفات
خوراک جوجه چینی+مخلفات+میوه,خوراک جوجه چینی,خوراک جوجه چینی,True,100.0,True,مخلفات|میوه
خوراک جوجه چینی+پوره سیب زمینی+سس کچاپ(تکنفره)+گوجه فرنگی حلقه ای (60 گرم)+میوه+خیار شور (50 گرم),خوراک جوجه چینی,خوراک جوجه چینی,True,100.0,True,پوره سیب زمینی|سس کچاپ(تکنفره)|گوجه فرنگی حلقه ای (60 گرم)|میوه|خیار شور (50 گرم)
خوراک جوجه چینی+پوره سیب زمینی+مخلفات,خوراک جوجه چینی,خوراک جوجه چینی,True,100.0,True,پوره سیب زمینی|مخلفات
خوراک جوجه چینی+پوره سیب زمینی+مخلفات+میوه,خوراک جوجه چینی,خوراک جوجه چینی,True,100.0,True,پوره سیب زمینی|مخلفات|میوه
خوراک جوجه چینی+پوره سیب زمینی+میوه+نوشیدنی,خوراک جوجه چینی,خوراک جوجه چینی,True,100.0,True,پوره سیب زمینی|میوه|نوشیدنی
خوراک دلمه بادمجان,خوراک دلمه بادمجان,,False,,False,
خوراک دلمه فلفل,خوراک دلمه فلفل,خوراک دلمه,True,90.0,False,
خوراک دلمه فلفل+دوغ,خوراک دلمه فلفل,خوراک دلمه,True,90.0,True,دوغ
خوراک دلمه فلفل+سوپ,خوراک دلمه فلفل,خوراک دلمه,True,90.0,True,سوپ
خوراک دلمه فلفل+ماست,خوراک دلمه فلفل,خوراک دلمه,True,90.0,True,ماست
خوراک دلمه فلفل+ماست موسیر,خوراک دلمه فلفل,خوراک دلمه,True,90.0,True,ماست موسیر
خوراک دلمه فلفل+پوره سیب زمینی+ترشی (60 گرم),خوراک دلمه فلفل,خوراک دلمه,True,90.0,True,پوره سیب زمینی|ترشی (60 گرم)
خوراک دلمه فلفل+پوره سیب زمینی+دوغ,خوراک دلمه فلفل,خوراک دلمه,True,90.0,True,پوره سیب زمینی|دوغ
خوراک دلمه فلفل+پوره سیب زمینی+ماست,خوراک دلمه فلفل,خوراک دلمه,True,90.0,True,پوره سیب زمینی|ماست
خوراک دلمه فلفل+پوره سیب زمینی+ماست موسیر,خوراک دلمه فلفل,خوراک دلمه,True,90.0,True,پوره سیب زمینی|ماست موسیر
خوراک سالاد الویه+آش رشته,خوراک سالاد الویه,خوراک سالاد الویه,True,100.0,True,آش رشته
خوراک سالاد الویه+آش رشته+مخلفات,خوراک سالاد الویه,خوراک سالاد الویه,True,100.0,True,آش رشته|مخلفات
خوراک سالاد الویه+خوراک عدسی (کنارغذا),خوراک سالاد الویه,خوراک سالاد الویه,True,100.0,True,خوراک عدسی (کنارغذا)
خوراک سالاد الویه+خوراک لوبیا,خوراک سالاد الویه,خوراک سالاد الویه,True,100.0,True,خوراک لوبیا
خوراک سالاد الویه+دوغ,خوراک سالاد الویه,خوراک سالاد الویه,True,100.0,True,دوغ
خوراک سالاد الویه+سوپ+مخلفات,خوراک سالاد الویه,خوراک سالاد الویه,True,100.0,True,سوپ|مخلفات
خوراک سالاد الویه+مخلفات,خوراک سالاد الویه,خوراک سالاد الویه,True,100.0,True,مخلفات
خوراک سالاد الویه+مخلفات+شله زرد,خوراک سالاد الویه,خوراک سالاد الویه,True,100.0,True,مخلفات|شله زرد
خوراک سالاد الویه+مخلفات+میوه,خوراک سالاد الویه,خوراک سالاد الویه,True,100.0,True,مخلفات|میوه
خوراک سالاد الویه+مخلفات+نوشیدنی,خوراک سالاد الویه,خوراک سالاد الویه,True,100.0,True,مخلفات|نوشیدنی
خوراک سالاد الویه+میوه,خوراک سالاد الویه,خوراک سالاد الویه,True,100.0,True,میوه
خوراک سالاد الویه+ژله تک نفره,خوراک سالاد الویه,خوراک سالاد الویه,True,100.0,True,ژله تک نفره
خوراک سالاد الویه+گوجه فرنگی حلقه ای (60 گرم)+خوراک عدسی (کنارغذا),خوراک سالاد الویه,خوراک سالاد الویه,True,100.0,True,گوجه فرنگی حلقه ای (60 گرم)|خوراک عدسی (کنارغذا)
خوراک سالاد ماکارونی,خوراک سالاد ماکارونی,خوراک سالاد ماکارونی,True,100.0,False,
خوراک سالاد ماکارونی+آش,خوراک سالاد ماکارونی,خوراک سالاد ماکارونی,True,100.0,True,آش
خوراک سالاد ماکارونی+آش شله قلمکار+ژله تک نفره,خوراک سالاد ماکارونی,خوراک سالاد ماکارونی,True,100.0,True,آش شله قلمکار|ژله تک نفره
خوراک سالاد ماکارونی+خوراک لوبیا,خوراک سالاد ماکارونی,خوراک سالاد ماکارونی,True,100.0,True,خوراک لوبیا
خوراک سالاد ماکارونی+دوغ,خوراک سالاد ماکارونی,خوراک سالاد ماکارونی,True,100.0,True,دوغ
خوراک سالاد ماکارونی+سالاد,خوراک سالاد ماکارونی,خوراک سالاد ماکارونی,True,100.0,True,سالاد
خوراک سالاد ماکارونی+سوپ,خوراک سالاد ماکارونی,خوراک سالاد ماکارونی,True,100.0,True,سوپ
خوراک سالاد ماکارونی+سوپ جو,خوراک سالاد ماکارونی,خوراک سالاد ماکارونی,True,100.0,True,سوپ جو
خوراک سالاد ماکارونی+میوه,خوراک سالاد ماکارونی,خوراک سالاد ماکارونی,True,100.0,True,میوه
خوراک سالاد ماکارونی+میوه+ژله تک نفره,خوراک سالاد ماکارونی,خوراک سالاد ماکارونی,True,100.0,True,میوه|ژله تک نفره
خوراک سالاد ماکارونی+نوشیدنی,خوراک سالاد ماکارونی,خوراک سالاد ماکارونی,True,100.0,True,نوشیدنی
خوراک سالاد ماکارونی+ژله تک نفره,خوراک سالاد ماکارونی,خوراک سالاد ماکارونی,True,100.0,True,ژله تک نفره
خوراک سوفله بادمجان,خوراک سوفله بادمجان,خوراک سوفله بادمجان,True,100.0,False,
خوراک سیب زمینی و تخم مرغ,خوراک سیب زمینی و تخم مرغ,خوراک سیب زمینی و تخم مرغ,True,100.0,False,
خوراک سیب زمینی و تخم مرغ+سس کچاپ(تکنفره)+مخلفات,خوراک سیب زمینی و تخم مرغ,خوراک سیب زمینی و تخم مرغ,True,100.0,True,سس کچاپ(تکنفره)|مخلفات
خوراک سیب زمینی و تخم مرغ+مخلفات,خوراک سیب زمینی و تخم مرغ,خوراک سیب زمینی و تخم مرغ,True,100.0,True,مخلفات
خوراک سیب زمینی و تخم مرغ+مخلفات+میوه,خوراک سیب زمینی و تخم مرغ,خوراک سیب زمینی و تخم مرغ,True,100.0,True,مخلفات|میوه
خوراک شنیسل مرغ + سیب زمینی سرخ کرده + 2 سس کچاپ(تکنفره) + گوجه فرنگی حلقه ای (60 گرم) + خیار شور (50 گرم),خوراک شنیسل مرغ,خوراک شنیسل مرغ,True,100.0,True,سیب زمینی سرخ کرده|2 سس کچاپ(تکنفره)|گوجه فرنگی حلقه ای (60 گرم)|خیار شور (50 گرم)
خوراک شنیسل مرغ + سیب زمینی سرخ کرده + سس کچاپ(تکنفره) + خیار شور (50 گرم) + گوجه فرنگی کبابی,خوراک شنیسل مرغ,خوراک شنیسل مرغ,True,100.0,True,سیب زمینی سرخ کرده|سس کچاپ(تکنفره)|خیار شور (50 گرم)|گوجه فرنگی کبابی
خوراک شنیسل مرغ + سیب زمینی سرخ کرده + سس کچاپ(تکنفره) + گوجه فرنگی حلقه ای (60 گرم) + خیار شور (50 گرم),خوراک شنیسل مرغ,خوراک شنیسل مرغ,True,100.0,True,سیب زمینی سرخ کرده|سس کچاپ(تکنفره)|گوجه فرنگی حلقه ای (60 گرم)|خیار شور (50 گرم)
خوراک شنیسل مرغ + سیب زمینی سرخ کرده + گوجه فرنگی حلقه ای (60 گرم) + ماست + خیار شور (50 گرم),خوراک شنیسل مرغ,خوراک شنیسل مرغ,True,100.0,True,سیب زمینی سرخ کرده|گوجه فرنگی حلقه ای (60 گرم)|ماست|خیار شور (50 گرم)
خوراک شنیسل مرغ+آش جو+سیب زمینی سرخ کرده+سس کچاپ(تکنفره)+گوجه فرنگی حلقه ای (60 گرم)+خیار شور (50 گرم),خوراک شنیسل مرغ,خوراک شنیسل مرغ,True,100.0,True,آش جو|سیب زمینی سرخ کرده|سس کچاپ(تکنفره)|گوجه فرنگی حلقه ای (60 گرم)|خیار شور (50 گرم)
خوراک شنیسل مرغ+دوغ+سیب زمینی سرخ کرده+مخلفات,خوراک شنیسل مرغ,خوراک شنیسل مرغ,True,100.0,True,دوغ|سیب زمینی سرخ کرده|مخلفات
خوراک شنیسل مرغ+سالاد+سیب زمینی سرخ کرده+سس کچاپ(تکنفره)+گوجه فرنگی حلقه ای (60 گرم)+خیار شور (50 گرم),خوراک شنیسل مرغ,خوراک شنیسل مرغ,True,100.0,True,سالاد|سیب زمینی سرخ کرده|سس کچاپ(تکنفره)|گوجه فرنگی حلقه ای (60 گرم)|خیار شور (50 گرم)
خوراک شنیسل مرغ+سالاد+مخلفات,خوراک شنیسل مرغ,خوراک شنیسل مرغ,True,100.0,True,سالاد|مخلفات
خوراک شنیسل مرغ+سیب زمینی سرخ کرده+سس کچاپ(تکنفره)+ماست+خیار شور (50 گرم)+لبو پخته,خوراک شنیسل مرغ,خوراک شنیسل مرغ,True,100.0,True,سیب زمینی سرخ کرده|سس کچاپ(تکنفره)|ماست|خیار شور (50 گرم)|لبو پخته
خوراک شنیسل مرغ+سیب زمینی سرخ کرده+سس کچاپ(تکنفره)+مخلفات,خوراک شنیسل مرغ,خوراک شنیسل مرغ,True,100.0,True,سیب زمینی سرخ کرده|سس کچاپ(تکنفره)|مخلفات
خوراک شنیسل مرغ+سیب زمینی سرخ کرده+سس کچاپ(تکنفره)+میوه+خیار شور (50 گرم)+لبو پخته,خوراک شنیسل مرغ,خوراک شنیسل مرغ,True,100.0,True,سیب زمینی سرخ کرده|سس کچاپ(تکنفره)|میوه|خیار شور (50 گرم)|لبو پخته
خوراک شنیسل مرغ+سیب زمینی سرخ کرده+سس کچاپ(تکنفره)+گوجه فرنگی حلقه ای (60 گرم)+ماست موسیر+خیار شور (50 گرم),خوراک شنیسل مرغ,خوراک شنیسل مرغ,True,100.0,True,سیب زمینی سرخ کرده|سس کچاپ(تکنفره)|گوجه فرنگی حلقه ای (60 گرم)|ماست موسیر|خیار شور (50 گرم)
خوراک شنیسل مرغ+سیب زمینی سرخ کرده+سس کچاپ(تکنفره)+گوجه فرنگی حلقه ای (60 گرم)+ماست+خیار شور (50 گرم),خوراک شنیسل مرغ,خوراک شنیسل مرغ,True,100.0,True,سیب زمینی سرخ کرده|سس کچاپ(تکنفره)|گوجه فرنگی حلقه ای (60 گرم)|ماست|خیار شور (50 گرم)
خوراک شنیسل مرغ+سیب زمینی سرخ کرده+سس کچاپ(تکنفره)+گوجه فرنگی حلقه ای (60 گرم)+میوه+خیار شور (50 گرم),خوراک شنیسل مرغ,خوراک شنیسل مرغ,True,100.0,True,سیب زمینی سرخ کرده|سس کچاپ(تکنفره)|گوجه فرنگی حلقه ای (60 گرم)|میوه|خیار شور (50 گرم)
خوراک شنیسل مرغ+سیب زمینی سرخ کرده+مخلفات,خوراک شنیسل مرغ,خوراک شنیسل مرغ,True,100.0,True,سیب زمینی سرخ کرده|مخلفات
خوراک شنیسل مرغ+سیب زمینی سرخ کرده+مخلفات+میوه,خوراک شنیسل مرغ,خوراک شنیسل مرغ,True,100.0,True,سیب زمینی سرخ کرده|مخلفات|میوه
خوراک شنیسل مرغ+ماست موسیر+مخلفات,خوراک شنیسل مرغ,خوراک شنیسل مرغ,True,100.0,True,ماست موسیر|مخلفات
خوراک شنیسل مرغ+ماست+مخلفات,خوراک شنیسل مرغ,خوراک شنیسل مرغ,True,100.0,True,ماست|مخلفات
خوراک شنیسل مرغ+مخلفات+میوه,خوراک شنیسل مرغ,خوراک شنیسل مرغ,True,100.0,True,مخلفات|میوه
خوراک شنیسل مرغ+پوره سیب زمینی+سالاد+سس کچاپ(تکنفره)+خیار شور (50 گرم),خوراک شنیسل مرغ,خوراک شنیسل مرغ,True,100.0,True,پوره سیب زمینی|سالاد|سس کچاپ(تکنفره)|خیار شور (50 گرم)
خوراک شنیسل مرغ+پوره سیب زمینی+سالاد+سس کچاپ(تکنفره)+خیار شور (50 گرم)+هویج پخته (60 گرم),خوراک شنیسل مرغ,خوراک شنیسل مرغ,True,100.0,True,پوره سیب زمینی|سالاد|سس کچاپ(تکنفره)|خیار شور (50 گرم)|هویج پخته (60 گرم)
خوراک شنیسل مرغ+پوره سیب زمینی+سس کچاپ(تکنفره)+گوجه فرنگی حلقه ای (60 گرم)+خیار شور (50 گرم)+بامیه,خوراک شنیسل مرغ,خوراک شنیسل مرغ,True,100.0,True,پوره سیب زمینی|سس کچاپ(تکنفره)|گوجه فرنگی حلقه ای (60 گرم)|خیار شور (50 گرم)|بامیه
خوراک شنیسل مرغ+پوره سیب زمینی+سس کچاپ(تکنفره)+گوجه فرنگی حلقه ای (60 گرم)+ماست موسیر+خیار شور (50 گرم),خوراک شنیسل مرغ,خوراک شنیسل مرغ,True,100.0,True,پوره سیب زمینی|سس کچاپ(تکنفره)|گوجه فرنگی حلقه ای (60 گرم)|ماست موسیر|خیار شور (50 گرم)
خوراک شنیسل مرغ+پوره سیب زمینی+سس کچاپ(تکنفره)+گوجه فرنگی حلقه ای (60 گرم)+میوه+خیار شور (50 گرم),خوراک شنیسل مرغ,خوراک شنیسل مرغ,True,100.0,True,پوره سیب زمینی|سس کچاپ(تکنفره)|گوجه فرنگی حلقه ای (60 گرم)|میوه|خیار شور (50 گرم)
خوراک شنیسل مرغ+پوره سیب زمینی+مخلفات+میوه,خوراک شنیسل مرغ,خوراک شنیسل مرغ,True,100.0,True,پوره سیب زمینی|مخلفات|میوه
خوراک عدسی(رستوران آزاد-کشاورزی),خوراک عدسی,خوراک عدسی,False,85.5,False,
خوراک فلافل+آش رشته+مخلفات,خوراک فلافل,خوراک فلافل,True,100.0,True,آش رشته|مخلفات
خوراک فلافل+آش شله قلمکار+مخلفات+نوشیدنی,خوراک فلافل,خوراک فلافل,True,100.0,True,آش شله قلمکار|مخلفات|نوشیدنی
خوراک فلافل+آش+سس کچاپ(تکنفره)+گوجه فرنگی حلقه ای (60 گرم)+خیار شور (50 گرم),خوراک فلافل,خوراک فلافل,True,100.0,True,آش|سس کچاپ(تکنفره)|گوجه فرنگی حلقه ای (60 گرم)|خیار شور (50 گرم)
خوراک فلافل+آش+سس کچاپ(تکنفره)+گوجه فرنگی حلقه ای (60 گرم)+نان ساندویچی (30 سانتی متر)+خیار شور (50 گرم),خوراک فلافل,خوراک فلافل,True,100.0,True,آش|سس کچاپ(تکنفره)|گوجه فرنگی حلقه ای (60 گرم)|نان ساندویچی (30 سانتی متر)|خیار شور (50 گرم)
خوراک فلافل+آش+مخلفات,خوراک فلافل,خوراک فلافل,True,100.0,True,آش|مخلفات
خوراک فلافل+دوغ+سس کچاپ(تکنفره)+گوجه فرنگی حلقه ای (60 گرم)+خیار شور (50 گرم),خوراک فلافل,خوراک فلافل,True,100.0,True,دوغ|سس کچاپ(تکنفره)|گوجه فرنگی حلقه ای (60 گرم)|خیار شور (50 گرم)
خوراک فلافل+دوغ+سس کچاپ(تکنفره)+گوجه فرنگی حلقه ای (60 گرم)+نان ساندویچی (30 سانتی متر)+خیار شور (50 گرم),خوراک فلافل,خوراک فلافل,True,100.0,True,دوغ|سس کچاپ(تکنفره)|گوجه فرنگی حلقه ای (60 گرم)|نان ساندویچی (30 سانتی متر)|خیار شور (50 گرم)
خوراک فلافل+دوغ+مخلفات,خوراک فلافل,خوراک فلافل,True,100.0,True,دوغ|مخلفات
خوراک فلافل+دوغ+مخلفات+نان ساندویچی (30 سانتی متر),خوراک فلافل,خوراک فلافل,True,100.0,True,دوغ|مخلفات|نان ساندویچی (30 سانتی متر)
خوراک فلافل+دوغ+گوجه فرنگی حلقه ای (60 گرم)+نان ساندویچی (30 سانتی متر)+خیار شور (50 گرم),خوراک فلافل,خوراک فلافل,True,100.0,True,دوغ|گوجه فرنگی حلقه ای (60 گرم)|نان ساندویچی (30 سانتی متر)|خیار شور (50 گرم)
خوراک فلافل+سالاد کلم+مخلفات+میوه,خوراک فلافل,خوراک فلافل,True,100.0,True,سالاد کلم|مخلفات|میوه
خوراک فلافل+سس کچاپ(تکنفره)+سوپ+گوجه فرنگی حلقه ای (60 گرم)+خیار شور (50 گرم),خوراک فلافل,خوراک فلافل,True,100.0,True,سس کچاپ(تکنفره)|سوپ|گوجه فرنگی حلقه ای (60 گرم)|خیار شور (50 گرم)
خوراک فلافل+سس کچاپ(تکنفره)+سوپ+گوجه فرنگی حلقه ای (60 گرم)+نان ساندویچی (30 سانتی متر)+خیار شور (50 گرم),خوراک فلافل,خوراک فلافل,True,100.0,True,سس کچاپ(تکنفره)|سوپ|گوجه فرنگی حلقه ای (60 گرم)|نان ساندویچی (30 سانتی متر)|خیار شور (50 گرم)
خوراک فلافل+سس کچاپ(تکنفره)+گوجه فرنگی حلقه ای (60 گرم)+خیار شور (50 گرم)+خوراک لوبیا,خوراک فلافل,خوراک فلافل,True,100.0,True,سس کچاپ(تکنفره)|گوجه فرنگی حلقه ای (60 گرم)|خیار شور (50 گرم)|خوراک لوبیا
خوراک فلافل+سس کچاپ(تکنفره)+گوجه فرنگی حلقه ای (60 گرم)+خیار شور (50 گرم)+شله زرد,خوراک فلافل,خوراک فلافل,True,100.0,True,سس کچاپ(تکنفره)|گوجه فرنگی حلقه ای (60 گرم)|خیار شور (50 گرم)|شله زرد
خوراک فلافل+سس کچاپ(تکنفره)+گوجه فرنگی حلقه ای (60 گرم)+دوغ+نان ساندویچی (30 سانتی متر)+خیار شور (50 گرم),خوراک فلافل,خوراک فلافل,True,100.0,True,سس کچاپ(تکنفره)|گوجه فرنگی حلقه ای (60 گرم)|دوغ|نان ساندویچی (30 سانتی متر)|خیار شور (50 گرم)
خوراک فلافل+سس کچاپ(تکنفره)+گوجه فرنگی حلقه ای (60 گرم)+ماست+نان ساندویچی (30 سانتی متر)+خیار شور (50 گرم),خوراک فلافل,خوراک فلافل,True,100.0,True,سس کچاپ(تکنفره)|گوجه فرنگی حلقه ای (60 گرم)|ماست|نان ساندویچی (30 سانتی متر)|خیار شور (50 گرم)
خوراک فلافل+سس کچاپ(تکنفره)+گوجه فرنگی حلقه ای (60 گرم)+میوه+خیار شور (50 گرم),خوراک فلافل,خوراک فلافل,True,100.0,True,سس کچاپ(تکنفره)|گوجه فرنگی حلقه ای (60 گرم)|میوه|خیار شور (50 گرم)
خوراک فلافل+سس کچاپ(تکنفره)+گوجه فرنگی حلقه ای (60 گرم)+میوه+نان ساندویچی (30 سانتی متر)+خیار شور (50 گرم),خوراک فلافل,خوراک فلافل,True,100.0,True,سس کچاپ(تکنفره)|گوجه فرنگی حلقه ای (60 گرم)|میوه|نان ساندویچی (30 سانتی متر)|خیار شور (50 گرم)
خوراک فلافل+سوپ قارچ و خامه+مخلفات+نوشیدنی,خوراک فلافل,خوراک فلافل,True,100.0,True,سوپ قارچ و خامه|مخلفات|نوشیدنی
خوراک فلافل+سوپ+گوجه فرنگی حلقه ای (60 گرم)+خیار شور (50 گرم),خوراک فلافل,خوراک فلافل,True,100.0,True,سوپ|گوجه فرنگی حلقه ای (60 گرم)|خیار شور (50 گرم)
خوراک فلافل+سیب زمینی سرخ کرده+مخلفات,خوراک فلافل,خوراک فلافل,True,100.0,True,سیب زمینی سرخ کرده|مخلفات
خوراک فلافل+ماست+مخلفات,خوراک فلافل,خوراک فلافل,True,100.0,True,ماست|مخلفات
خوراک فلافل+مخلفات,خوراک فلافل,خوراک فلافل,True,100.0,True,مخلفات
خوراک فلافل+مخلفات+میوه,خوراک فلافل,خوراک فلافل,True,100.0,True,مخلفات|میوه
خوراک فلافل+مخلفات+میوه+ژله تک نفره,خوراک فلافل,خوراک فلافل,True,100.0,True,مخلفات|میوه|ژله تک نفره
خوراک فلافل+مخلفات+نوشیدنی,خوراک فلافل,خوراک فلافل,True,100.0,True,مخلفات|نوشیدنی
خوراک فلافل+میوه+نوشیدنی,خوراک فلافل,خوراک فلافل,True,100.0,True,میوه|نوشیدنی
خوراک قارچ و گوشت+ زیتون (40 گرم),خوراک قارچ و گوشت,خوراک قارچ و گوشت,True,100.0,True,زیتون (40 گرم)
خوراک قارچ و گوشت+ ژله تک نفره,خوراک قارچ و گوشت,خوراک قارچ و گوشت,True,100.0,True,ژله تک نفره
خوراک قارچ و گوشت+دوغ,خوراک قارچ و گوشت,خوراک قارچ و گوشت,True,100.0,True,دوغ
خوراک قارچ و گوشت+زیتون (40 گرم),خوراک قارچ و گوشت,خوراک قارچ و گوشت,True,100.0,True,زیتون (40 گرم)
خوراک قارچ و گوشت+سوپ,خوراک قارچ و گوشت,خوراک قارچ و گوشت,True,100.0,True,سوپ
خوراک قارچ و گوشت+شله زرد,خوراک قارچ و گوشت,خوراک قارچ و گوشت,True,100.0,True,شله زرد
خوراک قارچ و گوشت+میوه,خوراک قارچ و گوشت,خوراک قارچ و گوشت,True,100.0,True,میوه
خوراک قارچ و گوشت+ژله تک نفره,خوراک قارچ و گوشت,خوراک قارچ و گوشت,True,100.0,True,ژله تک نفره
خوراک لوبیا چیتی با قارچ,خوراک لوبیا چیتی با قارچ,خوراک لوبیا چیتی با قارچ,True,100.0,False,
خوراک لوبیا چیتی با قارچ + ماست,خوراک لوبیا چیتی با قارچ,خوراک لوبیا چیتی با قارچ,True,100.0,True,ماست
خوراک لوبیا چیتی با قارچ+سالاد کلم,خوراک لوبیا چیتی با قارچ,خوراک لوبیا چیتی با قارچ,True,100.0,True,سالاد کلم
خوراک لوبیا چیتی(رستوران آزاد-کشاورزی),خوراک لوبیا چیتی,خوراک لوبیا چیتی با قارچ,True,90.0,False,
خوراک ماکارونی با قارچ+دوغ,خوراک ماکارونی با قارچ,خوراک ماکارونی با قارچ,True,100.0,True,دوغ
خوراک ماکارونی با قارچ+دوغ+سس کچاپ(تکنفره),خوراک ماکارونی با قارچ,خوراک ماکارونی با قارچ,True,100.0,True,دوغ|سس کچاپ(تکنفره)
خوراک ماکارونی با قارچ+سالاد,خوراک ماکارونی با قارچ,خوراک ماکارونی با قارچ,True,100.0,True,سالاد
خوراک ماکارونی با قارچ+سالاد شیرازی,خوراک ماکارونی با قارچ,خوراک ماکارونی با قارچ,True,100.0,True,سالاد شیرازی
خوراک ماکارونی با قارچ+سالاد شیرازی+میوه,خوراک ماکارونی با قارچ,خوراک ماکارونی با قارچ,True,100.0,True,سالاد شیرازی|میوه
خوراک ماکارونی با قارچ+سالاد فصل,خوراک ماکارونی با قارچ,خوراک ماکارونی با قارچ,True,100.0,True,سالاد فصل
خوراک ماکارونی با قارچ+سالاد کلم,خوراک ماکارونی با قارچ,خوراک ماکارونی با قارچ,True,100.0,True,سالاد کلم
خوراک ماکارونی با قارچ+سالاد کلم+میوه,خوراک ماکارونی با قارچ,خوراک ماکارونی با قارچ,True,100.0,True,سالاد کلم|میوه
خوراک ماکارونی با قارچ+سالاد+سس کچاپ(تکنفره),خوراک ماکارونی با قارچ,خوراک ماکارونی با قارچ,True,100.0,True,سالاد|سس کچاپ(تکنفره)
خوراک ماکارونی با قارچ+سس کچاپ(تکنفره)+بامیه,خوراک ماکارونی با قارچ,خوراک ماکارونی با قارچ,True,100.0,True,سس کچاپ(تکنفره)|بامیه
خوراک ماکارونی با قارچ+سس کچاپ(تکنفره)+ماست,خوراک ماکارونی با قارچ,خوراک ماکارونی با قارچ,True,100.0,True,سس کچاپ(تکنفره)|ماست
خوراک ماکارونی با قارچ+سس کچاپ(تکنفره)+میوه,خوراک ماکارونی با قارچ,خوراک ماکارونی با قارچ,True,100.0,True,سس کچاپ(تکنفره)|میوه
خوراک ماکارونی با قارچ+ماست,خوراک ماکارونی با قارچ,خوراک ماکارونی با قارچ,True,100.0,True,ماست
خوراک ماکارونی با قارچ+ماست موسیر,خوراک ماکارونی با قارچ,خوراک ماکارونی با قارچ,True,100.0,True,ماست موسیر
خوراک ماکارونی با قارچ+ماست و خیار,خوراک ماکارونی با قارچ,خوراک ماکارونی با قارچ,True,100.0,True,ماست و خیار
خوراک ماکارونی با قارچ+ماست+میوه,خوراک ماکارونی با قارچ,خوراک ماکارونی با قارچ,True,100.0,True,ماست|میوه
خوراک ماکارونی با قارچ+مخلفات+میوه,خوراک ماکارونی با قارچ,خوراک ماکارونی با قارچ,True,100.0,True,مخلفات|میوه
خوراک ماکارونی با قارچ+مخلفات+نوشیدنی,خوراک ماکارونی با قارچ,خوراک ماکارونی با قارچ,True,100.0,True,مخلفات|نوشیدنی
خوراک ماکارونی با قارچ+میوه,خوراک ماکارونی با قارچ,خوراک ماکارونی با قارچ,True,100.0,True,میوه
خوراک ماکارونی با قارچ+میوه+ماست و خیار,خوراک ماکارونی با قارچ,خوراک ماکارونی با قارچ,True,100.0,True,میوه|ماست و خیار
خوراک ماکارونی با قارچ+میوه+نوشیدنی,خوراک ماکارونی با قارچ,خوراک ماکارونی با قارچ,True,100.0,True,میوه|نوشیدنی
خوراک ماکارونی با قارچ+میوه+ژله تک نفره,خوراک ماکارونی با قارچ,خوراک ماکارونی با قارچ,True,100.0,True,میوه|ژله تک نفره
خوراک مرغ سوخاری,خوراک مرغ سوخاری,خوراک مرغ سوخاری,True,100.0,False,
خوراک مرغ سوخاری + سیب زمینی سرخ کرده + سس کچاپ(تکنفره) + گوجه فرنگی حلقه ای (60 گرم) + خیار شور (50 گرم),خوراک مرغ سوخاری,خوراک مرغ سوخاری,True,100.0,True,سیب زمینی سرخ کرده|سس کچاپ(تکنفره)|گوجه فرنگی حلقه ای (60 گرم)|خیار شور (50 گرم)
خوراک مرغ سوخاری+سالاد+سیب زمینی سرخ کرده+سس کچاپ(تکنفره)+هویج پخته (60 گرم)+لبو پخته,خوراک مرغ سوخاری,خوراک مرغ سوخاری,True,100.0,True,سالاد|سیب زمینی سرخ کرده|سس کچاپ(تکنفره)|هویج پخته (60 گرم)|لبو پخته
خوراک مرغ سوخاری+سالاد+سیب زمینی سرخ کرده+سس کچاپ(تکنفره)+گوجه فرنگی حلقه ای (60 گرم)+خیار شور (50 گرم),خوراک مرغ سوخاری,خوراک مرغ سوخاری,True,100.0,True,سالاد|سیب زمینی سرخ کرده|سس کچاپ(تکنفره)|گوجه فرنگی حلقه ای (60 گرم)|خیار شور (50 گرم)
خوراک مرغ سوخاری+سالاد+مخلفات,خوراک مرغ سوخاری,خوراک مرغ سوخاری,True,100.0,True,سالاد|مخلفات
خوراک مرغ سوخاری+سیب زمینی سرخ کرده+سس کچاپ(تکنفره)+گوجه فرنگی حلقه ای (60 گرم)+زیتون (40 گرم)+خیار شور (50 گرم),خوراک مرغ سوخاری,خوراک مرغ سوخاری,True,100.0,True,سیب زمینی سرخ کرده|سس کچاپ(تکنفره)|گوجه فرنگی حلقه ای (60 گرم)|زیتون (40 گرم)|خیار شور (50 گرم)
خوراک مرغ سوخاری+سیب زمینی سرخ کرده+سس کچاپ(تکنفره)+گوجه فرنگی حلقه ای (60 گرم)+ماست+خیار شور (50 گرم),خوراک مرغ سوخاری,خوراک مرغ سوخاری,True,100.0,True,سیب زمینی سرخ کرده|سس کچاپ(تکنفره)|گوجه فرنگی حلقه ای (60 گرم)|ماست|خیار شور (50 گرم)
خوراک مرغ سوخاری+سیب زمینی سرخ کرده+سس کچاپ(تکنفره)+گوجه فرنگی حلقه ای (60 گرم)+میوه+خیار شور (50 گرم),خوراک مرغ سوخاری,خوراک مرغ سوخاری,True,100.0,True,سیب زمینی سرخ کرده|سس کچاپ(تکنفره)|گوجه فرنگی حلقه ای (60 گرم)|میوه|خیار شور (50 گرم)
خوراک مرغ سوخاری+مخلفات+زیتون (40 گرم),خوراک مرغ سوخاری,خوراک مرغ سوخاری,True,100.0,True,مخلفات|زیتون (40 گرم)
خوراک مرغ سوخاری+مخلفات+میوه,خوراک مرغ سوخاری,خوراک مرغ سوخاری,True,100.0,True,مخلفات|میوه
خوراک مرغ سوخاری+پوره سیب زمینی+سس کچاپ(تکنفره)+گوجه فرنگی حلقه ای (60 گرم)+میوه+خیار شور (50 گرم),خوراک مرغ سوخاری,خوراک مرغ سوخاری,True,100.0,True,پوره سیب زمینی|سس کچاپ(تکنفره)|گوجه فرنگی حلقه ای (60 گرم)|میوه|خیار شور (50 گرم)
خوراک مرغ و قارچ,خوراک مرغ و قارچ,خوراک مرغ و قارچ,True,100.0,False,
خوراک مرغ و قارچ+ترشی (60 گرم),خوراک مرغ و قارچ,خوراک مرغ و قارچ,True,100.0,True,ترشی (60 گرم)
خوراک مرغ و قارچ+دوغ,خوراک مرغ و قارچ,خوراک مرغ و قارچ,True,100.0,True,دوغ
خوراک مرغ و قارچ+سالاد,خوراک مرغ و قارچ,خوراک مرغ و قارچ,True,100.0,True,سالاد
خوراک مرغ و قارچ+سیب زمینی سرخ کرده+سس کچاپ(تکنفره)+مخلفات,خوراک مرغ و قارچ,خوراک مرغ و قارچ,True,100.0,True,سیب زمینی سرخ کرده|سس کچاپ(تکنفره)|مخلفات
خوراک مرغ و قارچ+سیب زمینی سرخ کرده+مخلفات,خوراک مرغ و قارچ,خوراک مرغ و قارچ,True,100.0,True,سیب زمینی سرخ کرده|مخلفات
خوراک مرغ و قارچ+ماست,خوراک مرغ و قارچ,خوراک مرغ و قارچ,True,100.0,True,ماست
خوراک مرغ و قارچ+ماست و خیار,خوراک مرغ و قارچ,خوراک مرغ و قارچ,True,100.0,True,ماست و خیار
خوراک مرغ و قارچ+مخلفات+میوه,خوراک مرغ و قارچ,خوراک مرغ و قارچ,True,100.0,True,مخلفات|میوه
خوراک میرزاقاسمی,خوراک میرزاقاسمی,خوراک میرزاقاسمی,True,100.0,False,
خوراک میرزاقاسمی + پوره سیب زمینی,خوراک میرزاقاسمی,خوراک میرزاقاسمی,True,100.0,True,پوره سیب زمینی
خوراک میرزاقاسمی+آش+پوره سیب زمینی,خوراک میرزاقاسمی,خوراک میرزاقاسمی,True,100.0,True,آش|پوره سیب زمینی
خوراک میرزاقاسمی+دوغ,خوراک میرزاقاسمی,خوراک میرزاقاسمی,True,100.0,True,دوغ
خوراک میرزاقاسمی+دوغ+مخلفات,خوراک میرزاقاسمی,خوراک میرزاقاسمی,True,100.0,True,دوغ|مخلفات
خوراک میرزاقاسمی+سوپ,خوراک میرزاقاسمی,خوراک میرزاقاسمی,True,100.0,True,سوپ
خوراک میرزاقاسمی+مخلفات+نوشیدنی,خوراک میرزاقاسمی,خوراک میرزاقاسمی,True,100.0,True,مخلفات|نوشیدنی
خوراک میرزاقاسمی+پوره سیب زمینی,خوراک میرزاقاسمی,خوراک میرزاقاسمی,True,100.0,True,پوره سیب زمینی
خوراک میرزاقاسمی+پوره سیب زمینی+دوغ,خوراک میرزاقاسمی,خوراک میرزاقاسمی,True,100.0,True,پوره سیب زمینی|دوغ
خوراک میرزاقاسمی+پوره سیب زمینی+ژله تک نفره,خوراک میرزاقاسمی,خوراک میرزاقاسمی,True,100.0,True,پوره سیب زمینی|ژله تک نفره
خوراک میرزاقاسمی+ژله تک نفره,خوراک میرزاقاسمی,خوراک میرزاقاسمی,True,100.0,True,ژله تک نفره
خوراک میرزاقاسمی+کنسرو لوبیا+ژله تک نفره,خوراک میرزاقاسمی,خوراک میرزاقاسمی,True,100.0,True,کنسرو لوبیا|ژله تک نفره
خوراک ناگت مرغ+آش+سیب زمینی سرخ کرده+سس کچاپ(تکنفره)+گوجه فرنگی حلقه ای (60 گرم)+خیار شور (50 گرم),خوراک ناگت مرغ,خوراک ناگت مرغ,True,100.0,True,آش|سیب زمینی سرخ کرده|سس کچاپ(تکنفره)|گوجه فرنگی حلقه ای (60 گرم)|خیار شور (50 گرم)
خوراک ناگت مرغ+سالاد+سیب زمینی سرخ کرده+سس کچاپ(تکنفره)+گوجه فرنگی حلقه ای (60 گرم)+خیار شور (50 گرم),خوراک ناگت مرغ,خوراک ناگت مرغ,True,100.0,True,سالاد|سیب زمینی سرخ کرده|سس کچاپ(تکنفره)|گوجه فرنگی حلقه ای (60 گرم)|خیار شور (50 گرم)
خوراک ناگت مرغ+سالاد+مخلفات,خوراک ناگت مرغ,خوراک ناگت مرغ,True,100.0,True,سالاد|مخلفات
خوراک ناگت مرغ+سیب زمینی سرخ کرده+2 سس کچاپ(تکنفره)+گوجه فرنگی حلقه ای (60 گرم)+خیار شور (50 گرم),خوراک ناگت مرغ,خوراک ناگت مرغ,True,100.0,True,سیب زمینی سرخ کرده|2 سس کچاپ(تکنفره)|گوجه فرنگی حلقه ای (60 گرم)|خیار شور (50 گرم)
خوراک ناگت مرغ+سیب زمینی سرخ کرده+سس کچاپ(تکنفره)+ماست+خیار شور (50 گرم)+هویج پخته (60 گرم),خوراک ناگت مرغ,خوراک ناگت مرغ,True,100.0,True,سیب زمینی سرخ کرده|سس کچاپ(تکنفره)|ماست|خیار شور (50 گرم)|هویج پخته (60 گرم)
خوراک ناگت مرغ+سیب زمینی سرخ کرده+سس کچاپ(تکنفره)+مخلفات,خوراک ناگت مرغ,خوراک ناگت مرغ,True,100.0,True,سیب زمینی سرخ کرده|سس کچاپ(تکنفره)|مخلفات
خوراک ناگت مرغ+سیب زمینی سرخ کرده+سس کچاپ(تکنفره)+گوجه فرنگی حلقه ای (60 گرم)+خیار شور (50 گرم),خوراک ناگت مرغ,خوراک ناگت مرغ,True,100.0,True,سیب زمینی سرخ کرده|سس کچاپ(تکنفره)|گوجه فرنگی حلقه ای (60 گرم)|خیار شور (50 گرم)
خوراک ناگت مرغ+سیب زمینی سرخ کرده+سس کچاپ(تکنفره)+گوجه فرنگی حلقه ای (60 گرم)+خیار شور (50 گرم)+ژله تک نفره,خوراک ناگت مرغ,خوراک ناگت مرغ,True,100.0,True,سیب زمینی سرخ کرده|سس کچاپ(تکنفره)|گوجه فرنگی حلقه ای (60 گرم)|خیار شور (50 گرم)|ژله تک نفره
خوراک ناگت مرغ+سیب زمینی سرخ کرده+سس کچاپ(تکنفره)+گوجه فرنگی حلقه ای (60 گرم)+ماست موسیر+خیار شور (50 گرم),خوراک ناگت مرغ,خوراک ناگت مرغ,True,100.0,True,سیب زمینی سرخ کرده|سس کچاپ(تکنفره)|گوجه فرنگی حلقه ای (60 گرم)|ماست موسیر|خیار شور (50 گرم)
خوراک ناگت مرغ+سیب زمینی سرخ کرده+سس کچاپ(تکنفره)+گوجه فرنگی حلقه ای (60 گرم)+ماست+خیار شور (50 گرم),خوراک ناگت مرغ,خوراک ناگت مرغ,True,100.0,True,سیب زمینی سرخ کرده|سس کچاپ(تکنفره)|گوجه فرنگی حلقه ای (60 گرم)|ماست|خیار شور (50 گرم)
خوراک ناگت مرغ+سیب زمینی سرخ کرده+سس کچاپ(تکنفره)+گوجه فرنگی حلقه ای (60 گرم)+میوه+خیار شور (50 گرم),خوراک ناگت مرغ,خوراک ناگت مرغ,True,100.0,True,سیب زمینی سرخ کرده|سس کچاپ(تکنفره)|گوجه فرنگی حلقه ای (60 گرم)|میوه|خیار شور (50 گرم)
خوراک ناگت مرغ+سیب زمینی سرخ کرده+مخلفات,خوراک ناگت مرغ,خوراک ناگت مرغ,True,100.0,True,سیب زمینی سرخ کرده|مخلفات
خوراک ناگت مرغ+سیب زمینی سرخ کرده+مخلفات+میوه,خوراک ناگت مرغ,خوراک ناگت مرغ,True,100.0,True,سیب زمینی سرخ کرده|مخلفات|میوه
خوراک ناگت مرغ+سیب زمینی سرخ کرده+گوجه فرنگی حلقه ای (60 گرم)+ماست+خیار شور (50 گرم),خوراک ناگت مرغ,خوراک ناگت مرغ,True,100.0,True,سیب زمینی سرخ کرده|گوجه فرنگی حلقه ای (60 گرم)|ماست|خیار شور (50 گرم)
خوراک ناگت مرغ+ماست موسیر+مخلفات,خوراک ناگت مرغ,خوراک ناگت مرغ,True,100.0,True,ماست موسیر|مخلفات
خوراک ناگت مرغ+ماست+مخلفات,خوراک ناگت مرغ,خوراک ناگت مرغ,True,100.0,True,ماست|مخلفات
خوراک ناگت مرغ+مخلفات+میوه,خوراک ناگت مرغ,خوراک ناگت مرغ,True,100.0,True,مخلفات|میوه
خوراک ناگت مرغ+پوره سیب زمینی+سالاد کلم+میوه,خوراک ناگت مرغ,خوراک ناگت مرغ,True,100.0,True,پوره سیب زمینی|سالاد کلم|میوه
خوراک ناگت مرغ+پوره سیب زمینی+سس کچاپ(تکنفره)+گوجه فرنگی حلقه ای (60 گرم)+ماست+خیار شور (50 گرم),خوراک ناگت مرغ,خوراک ناگت مرغ,True,100.0,True,پوره سیب زمینی|سس کچاپ(تکنفره)|گوجه فرنگی حلقه ای (60 گرم)|ماست|خیار شور (50 گرم)
خوراک ناگت مرغ+پوره سیب زمینی+ماست+مخلفات,خوراک ناگت مرغ,خوراک ناگت مرغ,True,100.0,True,پوره سیب زمینی|ماست|مخلفات
خوراک ناگت مرغ+پوره سیب زمینی+مخلفات,خوراک ناگت مرغ,خوراک ناگت مرغ,True,100.0,True,پوره سیب زمینی|مخلفات
خوراک ناگت مرغ+پوره سیب زمینی+مخلفات+میوه,خوراک ناگت مرغ,خوراک ناگت مرغ,True,100.0,True,پوره سیب زمینی|مخلفات|میوه
خوراک ناگت میگو+سیب زمینی سرخ کرده+سس کچاپ(تکنفره)+گوجه فرنگی حلقه ای (60 گرم)+میوه+خیار شور (50 گرم),خوراک ناگت میگو,خوراک ناگت میگو,True,100.0,True,سیب زمینی سرخ کرده|سس کچاپ(تکنفره)|گوجه فرنگی حلقه ای (60 گرم)|میوه|خیار شور (50 گرم)
خوراک نخود فرنگی با مرغ+بورانی,خوراک نخود فرنگی با مرغ,خوراک نخود فرنگی با مرغ,True,100.0,True,بورانی
خوراک نخود فرنگی با مرغ+دوغ,خوراک نخود فرنگی با مرغ,خوراک نخود فرنگی با مرغ,True,100.0,True,دوغ
خوراک نخود فرنگی با مرغ+دوغ+میوه,خوراک نخود فرنگی با مرغ,خوراک نخود فرنگی با مرغ,True,100.0,True,دوغ|میوه
خوراک نخود فرنگی با مرغ+سالاد,خوراک نخود فرنگی با مرغ,خوراک نخود فرنگی با مرغ,True,100.0,True,سالاد
خوراک نخود فرنگی با مرغ+سالاد شیرازی,خوراک نخود فرنگی با مرغ,خوراک نخود فرنگی با مرغ,True,100.0,True,سالاد شیرازی
خوراک نخود فرنگی با مرغ+سالاد کلم,خوراک نخود فرنگی با مرغ,خوراک نخود فرنگی با مرغ,True,100.0,True,سالاد کلم
خوراک نخود فرنگی با مرغ+ماست,خوراک نخود فرنگی با مرغ,خوراک نخود فرنگی با مرغ,True,100.0,True,ماست
خوراک نخود فرنگی با مرغ+میوه,خوراک نخود فرنگی با مرغ,خوراک نخود فرنگی با مرغ,True,100.0,True,میوه
خوراک نخود فرنگی با مرغ+میوه+ماست و خیار,خوراک نخود فرنگی با مرغ,خوراک نخود فرنگی با مرغ,True,100.0,True,میوه|ماست و خیار
خوراک نخود فرنگی با مرغ+میوه+نوشیدنی,خوراک نخود فرنگی با مرغ,خوراک نخود فرنگی با مرغ,True,100.0,True,میوه|نوشیدنی
خوراک نخود فرنگی با مرغ+نوشیدنی,خوراک نخود فرنگی با مرغ,خوراک نخود فرنگی با مرغ,True,100.0,True,نوشیدنی
خوراک نخود فرنگی با مرغ+ژله تک نفره,خوراک نخود فرنگی با مرغ,خوراک نخود فرنگی با مرغ,True,100.0,True,ژله تک نفره
خوراک نخود فرنگی با گوشت+سالاد کلم,خوراک نخود فرنگی با گوشت,خوراک نخود فرنگی با گوشت,True,100.0,True,سالاد کلم
خوراک واویشکا+سالاد کلم,خوراک واویشکا,خوراک واویشکا,True,100.0,True,سالاد کلم
خوراک واویشکا+سالاد کلم+میوه,خوراک واویشکا,خوراک واویشکا,True,100.0,True,سالاد کلم|میوه
خوراک واویشکا+ماست,خوراک واویشکا,خوراک واویشکا,True,100.0,True,ماست
خوراک چیکن استروگانوف+آش رشته+پوره سیب زمینی,خوراک چیکن استروگانوف,خوراک چیکن استروگانوف,True,100.0,True,آش رشته|پوره سیب زمینی
خوراک چیکن استروگانوف+دوغ,خوراک چیکن استروگانوف,خوراک چیکن استروگانوف,True,100.0,True,دوغ
خوراک چیکن استروگانوف+سیب زمینی سرخ کرده+ژله تک نفره,خوراک چیکن استروگانوف,خوراک چیکن استروگانوف,True,100.0,True,سیب زمینی سرخ کرده|ژله تک نفره
خوراک چیکن استروگانوف+میوه,خوراک چیکن استروگانوف,خوراک چیکن استروگانوف,True,100.0,True,میوه
خوراک چیکن استروگانوف+پوره سیب زمینی,خوراک چیکن استروگانوف,خوراک چیکن استروگانوف,True,100.0,True,پوره سیب زمینی
خوراک چیکن استروگانوف+پوره سیب زمینی+میوه,خوراک چیکن استروگانوف,خوراک چیکن استروگانوف,True,100.0,True,پوره سیب زمینی|میوه
خوراک چیکن استروگانوف+ژله تک نفره,خوراک چیکن استروگانوف,خوراک چیکن استروگانوف,True,100.0,True,ژله تک نفره
خوراک کباب کوبیده,خوراک کباب کوبیده,خوراک کباب کوبیده,True,100.0,False,
خوراک کتلت+سالاد شیرازی+سیب زمینی سرخ کرده+سس کچاپ(تکنفره)+گوجه فرنگی حلقه ای (60 گرم)+خیار شور (50 گرم),خوراک کتلت,خوراک کتلت,True,100.0,True,سالاد شیرازی|سیب زمینی سرخ کرده|سس کچاپ(تکنفره)|گوجه فرنگی حلقه ای (60 گرم)|خیار شور (50 گرم)
خوراک کتلت+سالاد کلم,خوراک کتلت,خوراک کتلت,True,100.0,True,سالاد کلم
خوراک کتلت+سالاد+سیب زمینی سرخ کرده+سس کچاپ(تکنفره)+گوجه فرنگی حلقه ای (60 گرم)+خیار شور (50 گرم),خوراک کتلت,خوراک کتلت,True,100.0,True,سالاد|سیب زمینی سرخ کرده|سس کچاپ(تکنفره)|گوجه فرنگی حلقه ای (60 گرم)|خیار شور (50 گرم)
خوراک کتلت+سالاد+مخلفات,خوراک کتلت,خوراک کتلت,True,100.0,True,سالاد|مخلفات
خوراک کتلت+سس کچاپ(تکنفره)+گوجه فرنگی حلقه ای (60 گرم)+زیتون (40 گرم)+خیار شور (50 گرم),خوراک کتلت,خوراک کتلت,True,100.0,True,سس کچاپ(تکنفره)|گوجه فرنگی حلقه ای (60 گرم)|زیتون (40 گرم)|خیار شور (50 گرم)
خوراک کتلت+سوپ جو,خوراک کتلت,خوراک کتلت,True,100.0,True,سوپ جو
خوراک کتلت+سیب زمینی سرخ کرده+سس کچاپ(تکنفره)+خیار شور (50 گرم)+ژله تک نفره+لبو پخته,خوراک کتلت,خوراک کتلت,True,100.0,True,سیب زمینی سرخ کرده|سس کچاپ(تکنفره)|خیار شور (50 گرم)|ژله تک نفره|لبو پخته
خوراک کتلت+سیب زمینی سرخ کرده+سس کچاپ(تکنفره)+ماست موسیر+خیار شور (50 گرم)+لبو پخته,خوراک کتلت,خوراک کتلت,True,100.0,True,سیب زمینی سرخ کرده|سس کچاپ(تکنفره)|ماست موسیر|خیار شور (50 گرم)|لبو پخته
خوراک کتلت+سیب زمینی سرخ کرده+سس کچاپ(تکنفره)+گوجه فرنگی حلقه ای (60 گرم)+خیار شور (50 گرم),خوراک کتلت,خوراک کتلت,True,100.0,True,سیب زمینی سرخ کرده|سس کچاپ(تکنفره)|گوجه فرنگی حلقه ای (60 گرم)|خیار شور (50 گرم)
خوراک کتلت+سیب زمینی سرخ کرده+سس کچاپ(تکنفره)+گوجه فرنگی حلقه ای (60 گرم)+خیار شور (50 گرم)+شله زرد,خوراک کتلت,خوراک کتلت,True,100.0,True,سیب زمینی سرخ کرده|سس کچاپ(تکنفره)|گوجه فرنگی حلقه ای (60 گرم)|خیار شور (50 گرم)|شله زرد
خوراک کتلت+سیب زمینی سرخ کرده+سس کچاپ(تکنفره)+گوجه فرنگی حلقه ای (60 گرم)+زیتون (40 گرم)+خیار شور (50 گرم),خوراک کتلت,خوراک کتلت,True,100.0,True,سیب زمینی سرخ کرده|سس کچاپ(تکنفره)|گوجه فرنگی حلقه ای (60 گرم)|زیتون (40 گرم)|خیار شور (50 گرم)
خوراک کتلت+سیب زمینی سرخ کرده+سس کچاپ(تکنفره)+گوجه فرنگی حلقه ای (60 گرم)+ماست موسیر+خیار شور (50 گرم),خوراک کتلت,خوراک کتلت,True,100.0,True,سیب زمینی سرخ کرده|سس کچاپ(تکنفره)|گوجه فرنگی حلقه ای (60 گرم)|ماست موسیر|خیار شور (50 گرم)
خوراک کتلت+سیب زمینی سرخ کرده+سس کچاپ(تکنفره)+گوجه فرنگی حلقه ای (60 گرم)+ماست+خیار شور (50 گرم),خوراک کتلت,خوراک کتلت,True,100.0,True,سیب زمینی سرخ کرده|سس کچاپ(تکنفره)|گوجه فرنگی حلقه ای (60 گرم)|ماست|خیار شور (50 گرم)
خوراک کتلت+سیب زمینی سرخ کرده+سس کچاپ(تکنفره)+گوجه فرنگی حلقه ای (60 گرم)+میوه+خیار شور (50 گرم),خوراک کتلت,خوراک کتلت,True,100.0,True,سیب زمینی سرخ کرده|سس کچاپ(تکنفره)|گوجه فرنگی حلقه ای (60 گرم)|میوه|خیار شور (50 گرم)
خوراک کتلت+ماست موسیر+مخلفات,خوراک کتلت,خوراک کتلت,True,100.0,True,ماست موسیر|مخلفات
خوراک کتلت+ماست موسیر+میوه,خوراک کتلت,خوراک کتلت,True,100.0,True,ماست موسیر|میوه
خوراک کتلت+ماست+مخلفات,خوراک کتلت,خوراک کتلت,True,100.0,True,ماست|مخلفات
خوراک کتلت+مخلفات,خوراک کتلت,خوراک کتلت,True,100.0,True,مخلفات
خوراک کتلت+پوره سیب زمینی+سس کچاپ(تکنفره)+ماست موسیر+خیار شور (50 گرم)+لبو پخته,خوراک کتلت,خوراک کتلت,True,100.0,True,پوره سیب زمینی|سس کچاپ(تکنفره)|ماست موسیر|خیار شور (50 گرم)|لبو پخته
خوراک کتلت+پوره سیب زمینی+سس کچاپ(تکنفره)+میوه+خیار شور (50 گرم)+لبو پخته,خوراک کتلت,خوراک کتلت,True,100.0,True,پوره سیب زمینی|سس کچاپ(تکنفره)|میوه|خیار شور (50 گرم)|لبو پخته
خوراک کشک بادمجان + ماست,خوراک کشک بادمجان,خوراک کشک بادمجان,True,100.0,True,ماست
خوراک کشک بادمجان+آش رشته+پوره سیب زمینی,خوراک کشک بادمجان,خوراک کشک بادمجان,True,100.0,True,آش رشته|پوره سیب زمینی
خوراک کشک بادمجان+خوراک لوبیا,خوراک کشک بادمجان,خوراک کشک بادمجان,True,100.0,True,خوراک لوبیا
خوراک کشک بادمجان+دوغ,خوراک کشک بادمجان,خوراک کشک بادمجان,True,100.0,True,دوغ
خوراک کشک بادمجان+زیتون (40 گرم),خوراک کشک بادمجان,خوراک کشک بادمجان,True,100.0,True,زیتون (40 گرم)
خوراک کشک بادمجان+زیتون (40 گرم)+خرما,خوراک کشک بادمجان,خوراک کشک بادمجان,True,100.0,True,زیتون (40 گرم)|خرما
خوراک کشک بادمجان+سالاد,خوراک کشک بادمجان,خوراک کشک بادمجان,True,100.0,True,سالاد
خوراک کشک بادمجان+سوپ,خوراک کشک بادمجان,خوراک کشک بادمجان,True,100.0,True,سوپ
خوراک کشک بادمجان+مخلفات,خوراک کشک بادمجان,خوراک کشک بادمجان,True,100.0,True,مخلفات
خوراک کشک بادمجان+مخلفات+میوه,خوراک کشک بادمجان,خوراک کشک بادمجان,True,100.0,True,مخلفات|میوه
خوراک کشک بادمجان+میوه,خوراک کشک بادمجان,خوراک کشک بادمجان,True,100.0,True,میوه
خوراک کشک بادمجان+پوره سیب زمینی+بامیه,خوراک کشک بادمجان,خوراک کشک بادمجان,True,100.0,True,پوره سیب زمینی|بامیه
خوراک کشک بادمجان+پوره سیب زمینی+دوغ,خوراک کشک بادمجان,خوراک کشک بادمجان,True,100.0,True,پوره سیب زمینی|دوغ
خوراک کشک بادمجان+پوره سیب زمینی+سوپ,خوراک کشک بادمجان,خوراک کشک بادمجان,True,100.0,True,پوره سیب زمینی|سوپ
خوراک کشک بادمجان+پوره سیب زمینی+ماست,خوراک کشک بادمجان,خوراک کشک بادمجان,True,100.0,True,پوره سیب زمینی|ماست
خوراک کشک بادمجان+پوره سیب زمینی+مخلفات,خوراک کشک بادمجان,خوراک کشک بادمجان,True,100.0,True,پوره سیب زمینی|مخلفات
خوراک کشک بادمجان+پوره سیب زمینی+میوه,خوراک کشک بادمجان,خوراک کشک بادمجان,True,100.0,True,پوره سیب زمینی|میوه
خوراک کشک بادمجان+پوره سیب زمینی+ژله تک نفره,خوراک کشک بادمجان,خوراک کشک بادمجان,True,100.0,True,پوره سیب زمینی|ژله تک نفره
خوراک کشک بادمجان+ژله تک نفره,خوراک کشک بادمجان,خوراک کشک بادمجان,True,100.0,True,ژله تک نفره
خوراک کوردن بلو + سیب زمینی سرخ کرده + سس کچاپ(تکنفره) + گوجه فرنگی حلقه ای (60 گرم),خوراک کوردن بلو,خوراک کوردن بلو,True,100.0,True,سیب زمینی سرخ کرده|سس کچاپ(تکنفره)|گوجه فرنگی حلقه ای (60 گرم)
خوراک کوردن بلو+آش جو+سس کچاپ(تکنفره)+گوجه فرنگی حلقه ای (60 گرم)+خیار شور (50 گرم),خوراک کوردن بلو,خوراک کوردن بلو,True,100.0,True,آش جو|سس کچاپ(تکنفره)|گوجه فرنگی حلقه ای (60 گرم)|خیار شور (50 گرم)
خوراک کوردن بلو+دوغ+سیب زمینی سرخ کرده+سس کچاپ(تکنفره)+گوجه فرنگی حلقه ای (60 گرم)+خیار شور (50 گرم),خوراک کوردن بلو,خوراک کوردن بلو,True,100.0,True,دوغ|سیب زمینی سرخ کرده|سس کچاپ(تکنفره)|گوجه فرنگی حلقه ای (60 گرم)|خیار شور (50 گرم)
خوراک کوردن بلو+دوغ+مخلفات,خوراک کوردن بلو,خوراک کوردن بلو,True,100.0,True,دوغ|مخلفات
خوراک کوردن بلو+سالاد+سیب زمینی سرخ کرده+سس کچاپ(تکنفره),خوراک کوردن بلو,خوراک کوردن بلو,True,100.0,True,سالاد|سیب زمینی سرخ کرده|سس کچاپ(تکنفره)
خوراک کوردن بلو+سالاد+سیب زمینی سرخ کرده+سس کچاپ(تکنفره)+گوجه فرنگی حلقه ای (60 گرم)+خیار شور (50 گرم),خوراک کوردن بلو,خوراک کوردن بلو,True,100.0,True,سالاد|سیب زمینی سرخ کرده|سس کچاپ(تکنفره)|گوجه فرنگی حلقه ای (60 گرم)|خیار شور (50 گرم)
خوراک کوردن بلو+سالاد+مخلفات,خوراک کوردن بلو,خوراک کوردن بلو,True,100.0,True,سالاد|مخلفات
خوراک کوردن بلو+سیب زمینی سرخ کرده+سس کچاپ(تکنفره)+خیار شور (50 گرم)+ژله تک نفره+لبو پخته,خوراک کوردن بلو,خوراک کوردن بلو,True,100.0,True,سیب زمینی سرخ کرده|سس کچاپ(تکنفره)|خیار شور (50 گرم)|ژله تک نفره|لبو پخته
خوراک کوردن بلو+سیب زمینی سرخ کرده+سس کچاپ(تکنفره)+لبو پخته+ماست+خیار شور (50 گرم),خوراک کوردن بلو,خوراک کوردن بلو,True,100.0,True,سیب زمینی سرخ کرده|سس کچاپ(تکنفره)|لبو پخته|ماست|خیار شور (50 گرم)
خوراک کوردن بلو+سیب زمینی سرخ کرده+سس کچاپ(تکنفره)+مخلفات,خوراک کوردن بلو,خوراک کوردن بلو,True,100.0,True,سیب زمینی سرخ کرده|سس کچاپ(تکنفره)|مخلفات
خوراک کوردن بلو+سیب زمینی سرخ کرده+سس کچاپ(تکنفره)+گوجه فرنگی حلقه ای (60 گرم)+خیار شور (50 گرم)+بامیه,خوراک کوردن بلو,خوراک کوردن بلو,True,100.0,True,سیب زمینی سرخ کرده|سس کچاپ(تکنفره)|گوجه فرنگی حلقه ای (60 گرم)|خیار شور (50 گرم)|بامیه
خوراک کوردن بلو+سیب زمینی سرخ کرده+سس کچاپ(تکنفره)+گوجه فرنگی حلقه ای (60 گرم)+خیار شور (50 گرم)+ژله تک نفره,خوراک کوردن بلو,خوراک کوردن بلو,True,100.0,True,سیب زمینی سرخ کرده|سس کچاپ(تکنفره)|گوجه فرنگی حلقه ای (60 گرم)|خیار شور (50 گرم)|ژله تک نفره
خوراک کوردن بلو+سیب زمینی سرخ کرده+سس کچاپ(تکنفره)+گوجه فرنگی حلقه ای (60 گرم)+ماست موسیر+خیار شور (50 گرم),خوراک کوردن بلو,خوراک کوردن بلو,True,100.0,True,سیب زمینی سرخ کرده|سس کچاپ(تکنفره)|گوجه فرنگی حلقه ای (60 گرم)|ماست موسیر|خیار شور (50 گرم)
خوراک کوردن بلو+سیب زمینی سرخ کرده+سس کچاپ(تکنفره)+گوجه فرنگی حلقه ای (60 گرم)+ماست+خیار شور (50 گرم),خوراک کوردن بلو,خوراک کوردن بلو,True,100.0,True,سیب زمینی سرخ کرده|سس کچاپ(تکنفره)|گوجه فرنگی حلقه ای (60 گرم)|ماست|خیار شور (50 گرم)
خوراک کوردن بلو+سیب زمینی سرخ کرده+سس کچاپ(تکنفره)+گوجه فرنگی حلقه ای (60 گرم)+میوه+خیار شور (50 گرم),خوراک کوردن بلو,خوراک کوردن بلو,True,100.0,True,سیب زمینی سرخ کرده|سس کچاپ(تکنفره)|گوجه فرنگی حلقه ای (60 گرم)|میوه|خیار شور (50 گرم)
خوراک کوردن بلو+سیب زمینی سرخ کرده+مخلفات,خوراک کوردن بلو,خوراک کوردن بلو,True,100.0,True,سیب زمینی سرخ کرده|مخلفات
خوراک کوردن بلو+سیب زمینی سرخ کرده+مخلفات+میوه,خوراک کوردن بلو,خوراک کوردن بلو,True,100.0,True,سیب زمینی سرخ کرده|مخلفات|میوه
خوراک کوردن بلو+سیب زمینی سرخ کرده+گوجه فرنگی حلقه ای (60 گرم)+ماست+خیار شور (50 گرم),خوراک کوردن بلو,خوراک کوردن بلو,True,100.0,True,سیب زمینی سرخ کرده|گوجه فرنگی حلقه ای (60 گرم)|ماست|خیار شور (50 گرم)
خوراک کوردن بلو+ماست موسیر+مخلفات,خوراک کوردن بلو,خوراک کوردن بلو,True,100.0,True,ماست موسیر|مخلفات
خوراک کوردن بلو+ماست+مخلفات,خوراک کوردن بلو,خوراک کوردن بلو,True,100.0,True,ماست|مخلفات
خوراک کوردن بلو+مخلفات+میوه,خوراک کوردن بلو,خوراک کوردن بلو,True,100.0,True,مخلفات|میوه
خوراک کوردن بلو+مخلفات+ژله تک نفره,خوراک کوردن بلو,خوراک کوردن بلو,True,100.0,True,مخلفات|ژله تک نفره
خوراک کوردن بلو+پوره سیب زمینی,خوراک کوردن بلو,خوراک کوردن بلو,True,100.0,True,پوره سیب زمینی
خوراک کوردن بلو+پوره سیب زمینی+دوغ+سس کچاپ(تکنفره)+گوجه فرنگی حلقه ای (60 گرم)+خیار شور (50 گرم),خوراک کوردن بلو,خوراک کوردن بلو,True,100.0,True,پوره سیب زمینی|دوغ|سس کچاپ(تکنفره)|گوجه فرنگی حلقه ای (60 گرم)|خیار شور (50 گرم)
خوراک کوردن بلو+پوره سیب زمینی+دوغ+گوجه فرنگی حلقه ای (60 گرم)+خیار شور (50 گرم),خوراک کوردن بلو,خوراک کوردن بلو,True,100.0,True,پوره سیب زمینی|دوغ|گوجه فرنگی حلقه ای (60 گرم)|خیار شور (50 گرم)
خوراک کوردن بلو+پوره سیب زمینی+سس کچاپ(تکنفره)+مخلفات,خوراک کوردن بلو,خوراک کوردن بلو,True,100.0,True,پوره سیب زمینی|سس کچاپ(تکنفره)|مخلفات
خوراک کوردن بلو+پوره سیب زمینی+سس کچاپ(تکنفره)+گوجه فرنگی حلقه ای (60 گرم)+زیتون (40 گرم)+خیار شور (50 گرم),خوراک کوردن بلو,خوراک کوردن بلو,True,100.0,True,پوره سیب زمینی|سس کچاپ(تکنفره)|گوجه فرنگی حلقه ای (60 گرم)|زیتون (40 گرم)|خیار شور (50 گرم)
خوراک کوردن بلو+پوره سیب زمینی+سس کچاپ(تکنفره)+گوجه فرنگی حلقه ای (60 گرم)+ماست+خیار شور (50 گرم),خوراک کوردن بلو,خوراک کوردن بلو,True,100.0,True,پوره سیب زمینی|سس کچاپ(تکنفره)|گوجه فرنگی حلقه ای (60 گرم)|ماست|خیار شور (50 گرم)
خوراک کوردن بلو+پوره سیب زمینی+سس کچاپ(تکنفره)+گوجه فرنگی حلقه ای (60 گرم)+میوه+خیار شور (50 گرم),خوراک کوردن بلو,خوراک کوردن بلو,True,100.0,True,پوره سیب زمینی|سس کچاپ(تکنفره)|گوجه فرنگی حلقه ای (60 گرم)|میوه|خیار شور (50 گرم)
خوراک کوردن بلو+پوره سیب زمینی+مخلفات,خوراک کوردن بلو,خوراک کوردن بلو,True,100.0,True,پوره سیب زمینی|مخلفات
خوراک کوردن بلو+پوره سیب زمینی+گوجه فرنگی حلقه ای (60 گرم)+زیتون (40 گرم)+خیار شور (50 گرم),خوراک کوردن بلو,خوراک کوردن بلو,True,100.0,True,پوره سیب زمینی|گوجه فرنگی حلقه ای (60 گرم)|زیتون (40 گرم)|خیار شور (50 گرم)
خوراک کوفته تبریزی,خوراک کوفته تبریزی,خوراک کوفته تبریزی,True,100.0,False,
خوراک کوفته تبریزی + پوره سیب زمینی,خوراک کوفته تبریزی,خوراک کوفته تبریزی,True,100.0,True,پوره سیب زمینی
خوراک کوفته تبریزی+خوراک لوبیا,خوراک کوفته تبریزی,خوراک کوفته تبریزی,True,100.0,True,خوراک لوبیا
خوراک کوفته تبریزی+دوغ+میوه,خوراک کوفته تبریزی,خوراک کوفته تبریزی,True,100.0,True,دوغ|میوه
خوراک کوفته تبریزی+زیتون (40 گرم),خوراک کوفته تبریزی,خوراک کوفته تبریزی,True,100.0,True,زیتون (40 گرم)
خوراک کوفته تبریزی+سالاد کلم,خوراک کوفته تبریزی,خوراک کوفته تبریزی,True,100.0,True,سالاد کلم
خوراک کوفته تبریزی+سالاد کلم+سوپ جو,خوراک کوفته تبریزی,خوراک کوفته تبریزی,True,100.0,True,سالاد کلم|سوپ جو
خوراک کوفته تبریزی+سالاد کلم+میوه,خوراک کوفته تبریزی,خوراک کوفته تبریزی,True,100.0,True,سالاد کلم|میوه
خوراک کوفته تبریزی+سوپ+ماست,خوراک کوفته تبریزی,خوراک کوفته تبریزی,True,100.0,True,سوپ|ماست
خوراک کوفته تبریزی+ماست,خوراک کوفته تبریزی,خوراک کوفته تبریزی,True,100.0,True,ماست
خوراک کوفته تبریزی+ماست موسیر,خوراک کوفته تبریزی,خوراک کوفته تبریزی,True,100.0,True,ماست موسیر
خوراک کوفته تبریزی+ماست موسیر+میوه,خوراک کوفته تبریزی,خوراک کوفته تبریزی,True,100.0,True,ماست موسیر|میوه
خوراک کوفته تبریزی+میوه,خوراک کوفته تبریزی,خوراک کوفته تبریزی,True,100.0,True,میوه
خوراک کوفته تبریزی+پوره سیب زمینی+ماست,خوراک کوفته تبریزی,خوراک کوفته تبریزی,True,100.0,True,پوره سیب زمینی|ماست
خوراک کوفته تبریزی+پوره سیب زمینی+میوه,خوراک کوفته تبریزی,خوراک کوفته تبریزی,True,100.0,True,پوره سیب زمینی|میوه
خوراک کوفته تبریزی+ژله تک نفره,خوراک کوفته تبریزی,خوراک کوفته تبریزی,True,100.0,True,ژله تک نفره
خوراک کوکو سبزی+دوغ+سس کچاپ(تکنفره)+گوجه فرنگی حلقه ای (60 گرم)+خیار شور (50 گرم),خوراک کوکو سبزی,خوراک کوکو سبزی,True,100.0,True,دوغ|سس کچاپ(تکنفره)|گوجه فرنگی حلقه ای (60 گرم)|خیار شور (50 گرم)
خوراک کوکو سبزی+دوغ+مخلفات,خوراک کوکو سبزی,خوراک کوکو سبزی,True,100.0,True,دوغ|مخلفات
خوراک کوکو سبزی+سالاد فصل+مخلفات,خوراک کوکو سبزی,خوراک کوکو سبزی,True,100.0,True,سالاد فصل|مخلفات
خوراک کوکو سبزی+سس کچاپ(تکنفره)+سوپ+گوجه فرنگی حلقه ای (60 گرم)+خیار شور (50 گرم),خوراک کوکو سبزی,خوراک کوکو سبزی,True,100.0,True,سس کچاپ(تکنفره)|سوپ|گوجه فرنگی حلقه ای (60 گرم)|خیار شور (50 گرم)
خوراک کوکو سبزی+سس کچاپ(تکنفره)+گوجه فرنگی حلقه ای (60 گرم)+خیار شور (50 گرم)+خوراک عدسی (کنارغذا),خوراک کوکو سبزی,خوراک کوکو سبزی,True,100.0,True,سس کچاپ(تکنفره)|گوجه فرنگی حلقه ای (60 گرم)|خیار شور (50 گرم)|خوراک عدسی (کنارغذا)
خوراک کوکو سبزی+سس کچاپ(تکنفره)+گوجه فرنگی حلقه ای (60 گرم)+خیار شور (50 گرم)+خوراک لوبیا,خوراک کوکو سبزی,خوراک کوکو سبزی,True,100.0,True,سس کچاپ(تکنفره)|گوجه فرنگی حلقه ای (60 گرم)|خیار شور (50 گرم)|خوراک لوبیا
خوراک کوکو سبزی+سس کچاپ(تکنفره)+گوجه فرنگی حلقه ای (60 گرم)+خیار شور (50 گرم)+شله زرد,خوراک کوکو سبزی,خوراک کوکو سبزی,True,100.0,True,سس کچاپ(تکنفره)|گوجه فرنگی حلقه ای (60 گرم)|خیار شور (50 گرم)|شله زرد
خوراک کوکو سبزی+سس کچاپ(تکنفره)+گوجه فرنگی حلقه ای (60 گرم)+خیار شور (50 گرم)+ژله تک نفره,خوراک کوکو سبزی,خوراک کوکو سبزی,True,100.0,True,سس کچاپ(تکنفره)|گوجه فرنگی حلقه ای (60 گرم)|خیار شور (50 گرم)|ژله تک نفره
خوراک کوکو سبزی+سس کچاپ(تکنفره)+گوجه فرنگی حلقه ای (60 گرم)+ماست+خیار شور (50 گرم),خوراک کوکو سبزی,خوراک کوکو سبزی,True,100.0,True,سس کچاپ(تکنفره)|گوجه فرنگی حلقه ای (60 گرم)|ماست|خیار شور (50 گرم)
خوراک کوکو سبزی+سس کچاپ(تکنفره)+گوجه فرنگی حلقه ای (60 گرم)+میوه+خیار شور (50 گرم),خوراک کوکو سبزی,خوراک کوکو سبزی,True,100.0,True,سس کچاپ(تکنفره)|گوجه فرنگی حلقه ای (60 گرم)|میوه|خیار شور (50 گرم)
خوراک کوکو سبزی+ماست+مخلفات,خوراک کوکو سبزی,خوراک کوکو سبزی,True,100.0,True,ماست|مخلفات
خوراک کوکو سبزی+مخلفات+خوراک لوبیا,خوراک کوکو سبزی,خوراک کوکو سبزی,True,100.0,True,مخلفات|خوراک لوبیا
خوراک کوکو سبزی+مخلفات+میوه,خوراک کوکو سبزی,خوراک کوکو سبزی,True,100.0,True,مخلفات|میوه
خوراک کوکو سبزی+پوره سیب زمینی+مخلفات,خوراک کوکو سبزی,خوراک کوکو سبزی,True,100.0,True,پوره سیب زمینی|مخلفات
خوراک کوکو سیب زمینی,خوراک کوکو سیب زمینی,خوراک کوکو سیب زمینی,True,100.0,False,
خوراک کوکو سیب زمینی + سس کچاپ(تکنفره) + 3 سوپ + گوجه فرنگی حلقه ای (60 گرم) + خیار شور (50 گرم),خوراک کوکو سیب زمینی,خوراک کوکو سیب زمینی,True,100.0,True,سس کچاپ(تکنفره)|3 سوپ|گوجه فرنگی حلقه ای (60 گرم)|خیار شور (50 گرم)
خوراک کوکو سیب زمینی+دوغ+سس کچاپ(تکنفره)+گوجه فرنگی حلقه ای (60 گرم)+خیار شور (50 گرم),خوراک کوکو سیب زمینی,خوراک کوکو سیب زمینی,True,100.0,True,دوغ|سس کچاپ(تکنفره)|گوجه فرنگی حلقه ای (60 گرم)|خیار شور (50 گرم)
خوراک کوکو سیب زمینی+دوغ+مخلفات,خوراک کوکو سیب زمینی,خوراک کوکو سیب زمینی,True,100.0,True,دوغ|مخلفات
خوراک کوکو سیب زمینی+سالاد+سس کچاپ(تکنفره)+گوجه فرنگی حلقه ای (60 گرم)+خیار شور (50 گرم),خوراک کوکو سیب زمینی,خوراک کوکو سیب زمینی,True,100.0,True,سالاد|سس کچاپ(تکنفره)|گوجه فرنگی حلقه ای (60 گرم)|خیار شور (50 گرم)
خوراک کوکو سیب زمینی+سالاد+مخلفات,خوراک کوکو سیب زمینی,خوراک کوکو سیب زمینی,True,100.0,True,سالاد|مخلفات
خوراک کوکو سیب زمینی+سس کچاپ(تکنفره)+سوپ+گوجه فرنگی حلقه ای (60 گرم)+خیار شور (50 گرم),خوراک کوکو سیب زمینی,خوراک کوکو سیب زمینی,True,100.0,True,سس کچاپ(تکنفره)|سوپ|گوجه فرنگی حلقه ای (60 گرم)|خیار شور (50 گرم)
خوراک کوکو سیب زمینی+سس کچاپ(تکنفره)+ماست+مخلفات,خوراک کوکو سیب زمینی,خوراک کوکو سیب زمینی,True,100.0,True,سس کچاپ(تکنفره)|ماست|مخلفات
خوراک کوکو سیب زمینی+سس کچاپ(تکنفره)+گوجه فرنگی حلقه ای (60 گرم)+خیار شور (50 گرم)+خوراک لوبیا,خوراک کوکو سیب زمینی,خوراک کوکو سیب زمینی,True,100.0,True,سس کچاپ(تکنفره)|گوجه فرنگی حلقه ای (60 گرم)|خیار شور (50 گرم)|خوراک لوبیا
خوراک کوکو سیب زمینی+سس کچاپ(تکنفره)+گوجه فرنگی حلقه ای (60 گرم)+خیار شور (50 گرم)+ژله تک نفره,خوراک کوکو سیب زمینی,خوراک کوکو سیب زمینی,True,100.0,True,سس کچاپ(تکنفره)|گوجه فرنگی حلقه ای (60 گرم)|خیار شور (50 گرم)|ژله تک نفره
خوراک کوکو سیب زمینی+سس کچاپ(تکنفره)+گوجه فرنگی حلقه ای (60 گرم)+ماست+خیار شور (50 گرم),خوراک کوکو سیب زمینی,خوراک کوکو سیب زمینی,True,100.0,True,سس کچاپ(تکنفره)|گوجه فرنگی حلقه ای (60 گرم)|ماست|خیار شور (50 گرم)
خوراک کوکو سیب زمینی+سس کچاپ(تکنفره)+گوجه فرنگی حلقه ای (60 گرم)+میوه+خیار شور (50 گرم),خوراک کوکو سیب زمینی,خوراک کوکو سیب زمینی,True,100.0,True,سس کچاپ(تکنفره)|گوجه فرنگی حلقه ای (60 گرم)|میوه|خیار شور (50 گرم)
خوراک کوکو سیب زمینی+سوپ+مخلفات,خوراک کوکو سیب زمینی,خوراک کوکو سیب زمینی,True,100.0,True,سوپ|مخلفات
خوراک کوکو سیب زمینی+ماست+مخلفات,خوراک کوکو سیب زمینی,خوراک کوکو سیب زمینی,True,100.0,True,ماست|مخلفات
خوراک گراتن با سبزیجات,خوراک گراتن با سبزیجات,خوراک گراتن با سبزیجات,True,100.0,False,
خوراک گوجه بادمجان(رستوران آزاد-کشاورزی),خوراک گوجه بادمجان,خوراک بادمجان,True,95.0,False,
دلمه برگ مو+دوغ+ترشی (60 گرم),دلمه برگ مو,دلمه برگ مو,False,54.29,True,دوغ|ترشی (60 گرم)
دمی لوبیا چشم بلبلی با گوشت+دوغ,دمی لوبیا چشم بلبلی با گوشت,پلودمی لوبیا چشم بلبلی با گوشت,True,94.74,True,دوغ
دمی لوبیا چشم بلبلی با گوشت+سالاد کلم,دمی لوبیا چشم بلبلی با گوشت,پلودمی لوبیا چشم بلبلی با گوشت,True,94.74,True,سالاد کلم
دمی لوبیا چشم بلبلی با گوشت+ماست موسیر+میوه,دمی لوبیا چشم بلبلی با گوشت,پلودمی لوبیا چشم بلبلی با گوشت,True,94.74,True,ماست موسیر|میوه
دمی لوبیا چشم بلبلی با گوشت+ماست و خیار,دمی لوبیا چشم بلبلی با گوشت,پلودمی لوبیا چشم بلبلی با گوشت,True,94.74,True,ماست و خیار
دمی لوبیا چشم بلبلی با گوشت+میوه+ماست و خیار,دمی لوبیا چشم بلبلی با گوشت,پلودمی لوبیا چشم بلبلی با گوشت,True,94.74,True,میوه|ماست و خیار
رشته پلو با ران مرغ+سوپ,رشته پلو با ران مرغ,رشته پلو با ران مرغ,True,100.0,True,سوپ
رشته پلو با ران مرغ+شله زرد,رشته پلو با ران مرغ,رشته پلو با ران مرغ,True,100.0,True,شله زرد
رشته پلو با گوشت,رشته پلو با گوشت,رشته پلو با گوشت,True,100.0,False,
زرشک پلوبا گوشت+ماست موسیر+میوه,زرشک پلوبا گوشت,زرشک پلوبا گوشت,True,100.0,True,ماست موسیر|میوه
زرشک پلوبامرغ+آش رشته+ماست موسیر,زرشک پلوبامرغ,زرشک پلوبامرغ,True,100.0,True,آش رشته|ماست موسیر
زرشک پلوبامرغ+آش شله قلمکار+ژله تک نفره,زرشک پلوبامرغ,زرشک پلوبامرغ,True,100.0,True,آش شله قلمکار|ژله تک نفره
زرشک پلوبامرغ+خوراک لوبیا,زرشک پلوبامرغ,زرشک پلوبامرغ,True,100.0,True,خوراک لوبیا
زرشک پلوبامرغ+دوغ,زرشک پلوبامرغ,زرشک پلوبامرغ,True,100.0,True,دوغ
زرشک پلوبامرغ+سالاد,زرشک پلوبامرغ,زرشک پلوبامرغ,True,100.0,True,سالاد
زرشک پلوبامرغ+سالاد شیرازی,زرشک پلوبامرغ,زرشک پلوبامرغ,True,100.0,True,سالاد شیرازی
زرشک پلوبامرغ+سالاد کلم,زرشک پلوبامرغ,زرشک پلوبامرغ,True,100.0,True,سالاد کلم
زرشک پلوبامرغ+سالاد کلم+میوه,زرشک پلوبامرغ,زرشک پلوبامرغ,True,100.0,True,سالاد کلم|میوه
زرشک پلوبامرغ+سالاد+میوه,زرشک پلوبامرغ,زرشک پلوبامرغ,True,100.0,True,سالاد|میوه
زرشک پلوبامرغ+سوپ,زرشک پلوبامرغ,زرشک پلوبامرغ,True,100.0,True,سوپ
زرشک پلوبامرغ+سوپ جو,زرشک پلوبامرغ,زرشک پلوبامرغ,True,100.0,True,سوپ جو
زرشک پلوبامرغ+شله زرد,زرشک پلوبامرغ,زرشک پلوبامرغ,True,100.0,True,شله زرد
زرشک پلوبامرغ+ماست,زرشک پلوبامرغ,زرشک پلوبامرغ,True,100.0,True,ماست
زرشک پلوبامرغ+ماست موسیر,زرشک پلوبامرغ,زرشک پلوبامرغ,True,100.0,True,ماست موسیر
زرشک پلوبامرغ+ماست موسیر+میوه,زرشک پلوبامرغ,زرشک پلوبامرغ,True,100.0,True,ماست موسیر|میوه
زرشک پلوبامرغ+ماست+میوه,زرشک پلوبامرغ,زرشک پلوبامرغ,True,100.0,True,ماست|میوه
زرشک پلوبامرغ+میوه,زرشک پلوبامرغ,زرشک پلوبامرغ,True,100.0,True,میوه
زرشک پلوبامرغ+میوه+ژله تک نفره,زرشک پلوبامرغ,زرشک پلوبامرغ,True,100.0,True,میوه|ژله تک نفره
زرشک پلوبامرغ+ژله تک نفره,زرشک پلوبامرغ,زرشک پلوبامرغ,True,100.0,True,ژله تک نفره
ساندویچ بندری(رستوران آزاد-کشاورزی),ساندویچ بندری,ساندویچ بندری,False,74.07,False,
ساندویچ فلافل+دوغ,ساندویچ فلافل,ساندویچ فلافل,True,100.0,True,دوغ
ساندویچ فلافل+دوغ+شله زرد,ساندویچ فلافل,ساندویچ فلافل,True,100.0,True,دوغ|شله زرد
ساندویچ فلافل+دوغ+میوه,ساندویچ فلافل,ساندویچ فلافل,True,100.0,True,دوغ|میوه
ساندویچ فلافل+میوه+نوشیدنی,ساندویچ فلافل,ساندویچ فلافل,True,100.0,True,میوه|نوشیدنی
ساندویچ فلافل+نوشیدنی,ساندویچ فلافل,ساندویچ فلافل,True,100.0,True,نوشیدنی
ساندویچ مرغ و قارچ+دوغ,ساندویچ مرغ و قارچ,ساندویچ مرغ و قارچ,True,100.0,True,دوغ
ساندویچ مرغ و قارچ+میوه+نوشیدنی,ساندویچ مرغ و قارچ,ساندویچ مرغ و قارچ,True,100.0,True,میوه|نوشیدنی
ساندویچ مرغ و قارچ+نوشیدنی,ساندویچ مرغ و قارچ,ساندویچ مرغ و قارچ,True,100.0,True,نوشیدنی
ساندویچ همبرگر+دوغ,ساندویچ همبرگر,ساندویچ همبرگر,True,100.0,True,دوغ
ساندویچ همبرگر+دوغ+میوه,ساندویچ همبرگر,ساندویچ همبرگر,True,100.0,True,دوغ|میوه
ساندویچ همبرگر+میوه+نوشیدنی,ساندویچ همبرگر,ساندویچ همبرگر,True,100.0,True,میوه|نوشیدنی
ساندویچ همبرگر+نوشیدنی,ساندویچ همبرگر,ساندویچ همبرگر,True,100.0,True,نوشیدنی
سبزی پلو با تن ماهی + 2 خرما,سبزی پلو با تن ماهی,سبزی پلو با تن ماهی,True,100.0,True,2 خرما
سبزی پلو با تن ماهی+آش+خرما,سبزی پلو با تن ماهی,سبزی پلو با تن ماهی,True,100.0,True,آش|خرما
سبزی پلو با تن ماهی+خرما,سبزی پلو با تن ماهی,سبزی پلو با تن ماهی,True,100.0,True,خرما
سبزی پلو با تن ماهی+خرما+ ژله تک نفره,سبزی پلو با تن ماهی,سبزی پلو با تن ماهی,True,100.0,True,خرما|ژله تک نفره
سبزی پلو با تن ماهی+خرما+بامیه,سبزی پلو با تن ماهی,سبزی پلو با تن ماهی,True,100.0,True,خرما|بامیه
سبزی پلو با تن ماهی+خرما+زیتون (40 گرم),سبزی پلو با تن ماهی,سبزی پلو با تن ماهی,True,100.0,True,خرما|زیتون (40 گرم)
سبزی پلو با تن ماهی+خرما+ژله تک نفره,سبزی پلو با تن ماهی,سبزی پلو با تن ماهی,True,100.0,True,خرما|ژله تک نفره
سبزی پلو با تن ماهی+زیتون (40 گرم)+خرما,سبزی پلو با تن ماهی,سبزی پلو با تن ماهی,True,100.0,True,زیتون (40 گرم)|خرما
سبزی پلو با تن ماهی+میوه+خرما,سبزی پلو با تن ماهی,سبزی پلو با تن ماهی,True,100.0,True,میوه|خرما
سبزی پلو با تن ماهی+میوه+زیتون (40 گرم)+خرما,سبزی پلو با تن ماهی,سبزی پلو با تن ماهی,True,100.0,True,میوه|زیتون (40 گرم)|خرما
سبزی پلو با تن ماهی+میوه+ژله تک نفره,سبزی پلو با تن ماهی,سبزی پلو با تن ماهی,True,100.0,True,میوه|ژله تک نفره
سبزی پلو با ماهی فیله+میوه+خرما,سبزی پلو با ماهی فیله,سبزی پلو با ماهی فیله,True,100.0,True,میوه|خرما
سبزی پلو با ماهی قزل آلا,سبزی پلو با ماهی قزل آلا,سبزی پلو با ماهی قزل آلا,True,100.0,False,
سبزی پلو با ماهی قزل آلا+ترشی (60 گرم)+خرما,سبزی پلو با ماهی قزل آلا,سبزی پلو با ماهی قزل آلا,True,100.0,True,ترشی (60 گرم)|خرما
سبزی پلو با ماهی قزل آلا+خرما+ژله تک نفره,سبزی پلو با ماهی قزل آلا,سبزی پلو با ماهی قزل آلا,True,100.0,True,خرما|ژله تک نفره
سبزی پلو با ماهی قزل آلا+زیتون (40 گرم)+خرما,سبزی پلو با ماهی قزل آلا,سبزی پلو با ماهی قزل آلا,True,100.0,True,زیتون (40 گرم)|خرما
سبزی پلو با ماهی قزل آلا+میوه+خرما,سبزی پلو با ماهی قزل آلا,سبزی پلو با ماهی قزل آلا,True,100.0,True,میوه|خرما
سبزی پلو با ماهی قزل آلا+ژله تک نفره,سبزی پلو با ماهی قزل آلا,سبزی پلو با ماهی قزل آلا,True,100.0,True,ژله تک نفره
سبزی پلو ماهی+آش+خرما,سبزی پلو ماهی,سبزی پلو ماهی,True,100.0,True,آش|خرما
سبزی پلو ماهی+خرما+خوراک لوبیا,سبزی پلو ماهی,سبزی پلو ماهی,True,100.0,True,خرما|خوراک لوبیا
سبزی پلو ماهی+خرما+ژله تک نفره,سبزی پلو ماهی,سبزی پلو ماهی,True,100.0,True,خرما|ژله تک نفره
سبزی پلو ماهی+زیتون (40 گرم)+خرما,سبزی پلو ماهی,سبزی پلو ماهی,True,100.0,True,زیتون (40 گرم)|خرما
سبزی پلو ماهی+میوه+خرما,سبزی پلو ماهی,سبزی پلو ماهی,True,100.0,True,میوه|خرما
سبزی پلوباگوشت+سالاد شیرازی,سبزی پلوباگوشت,سبزی پلوباگوشت,True,100.0,True,سالاد شیرازی
سبزی پلوباگوشت+سالاد شیرازی+میوه,سبزی پلوباگوشت,سبزی پلوباگوشت,True,100.0,True,سالاد شیرازی|میوه
سبزی پلوباگوشت+سالاد کلم,سبزی پلوباگوشت,سبزی پلوباگوشت,True,100.0,True,سالاد کلم
سبزی پلوباگوشت+سالاد کلم+میوه,سبزی پلوباگوشت,سبزی پلوباگوشت,True,100.0,True,سالاد کلم|میوه
سبزی پلوباگوشت+ماست,سبزی پلوباگوشت,سبزی پلوباگوشت,True,100.0,True,ماست
سبزی پلوباگوشت+ماست موسیر,سبزی پلوباگوشت,سبزی پلوباگوشت,True,100.0,True,ماست موسیر
سبزی پلوباگوشت+ماست موسیر+میوه,سبزی پلوباگوشت,سبزی پلوباگوشت,True,100.0,True,ماست موسیر|میوه
سبزی پلوباگوشت+میوه+ماست و خیار,سبزی پلوباگوشت,سبزی پلوباگوشت,True,100.0,True,میوه|ماست و خیار
شوید باقلاباگوشت,شوید باقلاباگوشت,چلو شوید باقلاباگوشت,True,95.0,False,
شوید باقلاباگوشت+سالاد شیرازی+میوه,شوید باقلاباگوشت,چلو شوید باقلاباگوشت,True,95.0,True,سالاد شیرازی|میوه
شوید باقلاباگوشت+ماست,شوید باقلاباگوشت,چلو شوید باقلاباگوشت,True,95.0,True,ماست
شوید باقلاباگوشت+ماست و خیار,شوید باقلاباگوشت,چلو شوید باقلاباگوشت,True,95.0,True,ماست و خیار
شوید باقلاباگوشت+میوه+ماست و خیار,شوید باقلاباگوشت,چلو شوید باقلاباگوشت,True,95.0,True,میوه|ماست و خیار
صبحانه روزانه,صبحانه روزانه,صبحانه روزانه,False,43.2,False,
صبحانه هفتگی,صبحانه هفتگی,صبحانه هفتگی,False,49.09,False,
صبحانه هفتگی (فارابی),صبحانه هفتگی,صبحانه هفتگی,False,49.09,False,
صبحانه هفتگی+3 تخم مرغ+خامه 100گرمی+شیر 1لیتری+کره 50 گرمی+پنیر100 گرمی+3 مربا,صبحانه هفتگی,صبحانه هفتگی,False,49.09,True,3 تخم مرغ|خامه 100گرمی|شیر 1لیتری|کره 50 گرمی|پنیر100 گرمی|3 مربا
صبحانه هفتگی+3 تخم مرغ+شیر 1لیتری+خامه 100گرمی+پنیر100 گرمی+3 مربا+2 حلوا ارده 50 گرمی,صبحانه هفتگی,صبحانه هفتگی,False,49.09,True,3 تخم مرغ|شیر 1لیتری|خامه 100گرمی|پنیر100 گرمی|3 مربا|2 حلوا ارده 50 گرمی
صبحانه هفتگی+3 تخم مرغ+شیر 1لیتری+کره 50گرمی+پنیر100 گرمی+3 مربا+2 حلوا ارده 50 گرمی,صبحانه هفتگی,صبحانه هفتگی,False,49.09,True,3 تخم مرغ|شیر 1لیتری|کره 50گرمی|پنیر100 گرمی|3 مربا|2 حلوا ارده 50 گرمی
صبحانه هفتگی+4 تخم مرغ+خامه 100گرمی+شیر 1لیتری+پنیر100 گرمی+3مربا+شیر کاکائو تک نفره,صبحانه هفتگی,صبحانه هفتگی,False,49.09,True,4 تخم مرغ|خامه 100گرمی|شیر 1لیتری|پنیر100 گرمی|3مربا|شیر کاکائو تک نفره
عدس پلو با سویا(رستوران آزاد-کشاورزی),عدس پلو با سویا,عدس پلو با سویا,False,85.5,False,
عدس پلو با گوشت و کشمش+بورانی+میوه,عدس پلو با گوشت و کشمش,عدس پلو با گوشت و کشمش,True,100.0,True,بورانی|میوه
عدس پلو با گوشت و کشمش+ترشی (60 گرم),عدس پلو با گوشت و کشمش,عدس پلو با گوشت و کشمش,True,100.0,True,ترشی (60 گرم)
عدس پلو با گوشت و کشمش+دوغ,عدس پلو با گوشت و کشمش,عدس پلو با گوشت و کشمش,True,100.0,True,دوغ
عدس پلو با گوشت و کشمش+سالاد,عدس پلو با گوشت و کشمش,عدس پلو با گوشت و کشمش,True,100.0,True,سالاد
عدس پلو با گوشت و کشمش+سالاد کلم+میوه,عدس پلو با گوشت و کشمش,عدس پلو با گوشت و کشمش,True,100.0,True,سالاد کلم|میوه
عدس پلو با گوشت و کشمش+ماست,عدس پلو با گوشت و کشمش,عدس پلو با گوشت و کشمش,True,100.0,True,ماست
عدس پلو با گوشت و کشمش+ماست موسیر,عدس پلو با گوشت و کشمش,عدس پلو با گوشت و کشمش,True,100.0,True,ماست موسیر
عدس پلو با گوشت و کشمش+ماست موسیر+میوه,عدس پلو با گوشت و کشمش,عدس پلو با گوشت و کشمش,True,100.0,True,ماست موسیر|میوه
عدس پلو با گوشت و کشمش+ماست و خیار,عدس پلو با گوشت و کشمش,عدس پلو با گوشت و کشمش,True,100.0,True,ماست و خیار
عدس پلو با گوشت و کشمش+ماست+میوه,عدس پلو با گوشت و کشمش,عدس پلو با گوشت و کشمش,True,100.0,True,ماست|میوه
عدس پلو با گوشت و کشمش+میوه,عدس پلو با گوشت و کشمش,عدس پلو با گوشت و کشمش,True,100.0,True,میوه
عدس پلو با گوشت و کشمش+میوه+ماست و خیار,عدس پلو با گوشت و کشمش,عدس پلو با گوشت و کشمش,True,100.0,True,میوه|ماست و خیار
عدس پلو با گوشت و کشمش+میوه+ژله تک نفره,عدس پلو با گوشت و کشمش,عدس پلو با گوشت و کشمش,True,100.0,True,میوه|ژله تک نفره
عدس پلو با گوشت و کشمش+ژله تک نفره,عدس پلو با گوشت و کشمش,عدس پلو با گوشت و کشمش,True,100.0,True,ژله تک نفره
لوبیا پلو با سویا(رستوران آزاد-کشاورزی),لوبیا پلو با سویا,لوبیا پلو با سویا,False,85.5,False,
لوبیا پلو با مرغ+بورانی,لوبیا پلو با مرغ,لوبیا پلو با مرغ,True,100.0,True,بورانی
لوبیا پلو با مرغ+سالاد شیرازی,لوبیا پلو با مرغ,لوبیا پلو با مرغ,True,100.0,True,سالاد شیرازی
لوبیا پلو با مرغ+سالاد کلم+میوه,لوبیا پلو با مرغ,لوبیا پلو با مرغ,True,100.0,True,سالاد کلم|میوه
لوبیا پلو با مرغ+ماست و خیار,لوبیا پلو با مرغ,لوبیا پلو با مرغ,True,100.0,True,ماست و خیار
لوبیا پلو با مرغ+ماست+میوه,لوبیا پلو با مرغ,لوبیا پلو با مرغ,True,100.0,True,ماست|میوه
لوبیا پلو با مرغ+ژله تک نفره,لوبیا پلو با مرغ,لوبیا پلو با مرغ,True,100.0,True,ژله تک نفره
لوبیا پلو با گوشت+ماست,لوبیا پلو با گوشت,لوبیا پلو با گوشت,True,100.0,True,ماست
لوبیا پلو باگوشت,لوبیا پلو باگوشت,لوبیا پلو باگوشت,True,100.0,False,
لوبیا پلو باگوشت+سالاد,لوبیا پلو باگوشت,لوبیا پلو باگوشت,True,100.0,True,سالاد
لوبیا پلو باگوشت+سالاد شیرازی,لوبیا پلو باگوشت,لوبیا پلو باگوشت,True,100.0,True,سالاد شیرازی
لوبیا پلو باگوشت+سالاد شیرازی+میوه,لوبیا پلو باگوشت,لوبیا پلو باگوشت,True,100.0,True,سالاد شیرازی|میوه
لوبیا پلو باگوشت+سالاد کلم+میوه,لوبیا پلو باگوشت,لوبیا پلو باگوشت,True,100.0,True,سالاد کلم|میوه
لوبیا پلو باگوشت+ماست,لوبیا پلو باگوشت,لوبیا پلو باگوشت,True,100.0,True,ماست
لوبیا پلو باگوشت+ماست موسیر,لوبیا پلو باگوشت,لوبیا پلو باگوشت,True,100.0,True,ماست موسیر
لوبیا پلو باگوشت+ماست موسیر+میوه,لوبیا پلو باگوشت,لوبیا پلو باگوشت,True,100.0,True,ماست موسیر|میوه
لوبیا پلو باگوشت+ماست و خیار,لوبیا پلو باگوشت,لوبیا پلو باگوشت,True,100.0,True,ماست و خیار
لوبیا پلو باگوشت+میوه+ماست و خیار,لوبیا پلو باگوشت,لوبیا پلو باگوشت,True,100.0,True,میوه|ماست و خیار
ماکارونی با سویا(رستوران آزاد-کشاورزی),ماکارونی با سویا,ماکارونی با سویا,False,85.5,False,
نودالیت (طبخ نشده -پخت توسط دانشجو) + کنسرو خوراک لوبیا+ژله تک نفره,نودالیت,نودالیت,False,83.08,True,کنسرو خوراک لوبیا|ژله تک نفره
نودالیت 2بسته (طبخ نشده -پخت توسط دانشجو) + کنسرو خوراک لوبیا+دوغ,نودالیت 2بسته,نودالیت 2بسته,False,53.2,True,کنسرو خوراک لوبیا|دوغ
نودالیت 2عدد (طبخ نشده -پخت توسط دانشجو) + کنسرو خوراک لوبیا+دوغ,نودالیت 2عدد,نودالیت 2عدد,False,55.42,True,کنسرو خوراک لوبیا|دوغ
نودالیت 2عدد (طبخ نشده -پخت توسط دانشجو) + کنسرو خوراک لوبیا+ماست,نودالیت 2عدد,نودالیت 2عدد,False,55.42,True,کنسرو خوراک لوبیا|ماست
نودالیت 2عدد (طبخ نشده -پخت توسط دانشجو) + کنسرو خوراک لوبیا+میوه,نودالیت 2عدد,نودالیت 2عدد,False,55.42,True,کنسرو خوراک لوبیا|میوه
هات داگ با قارچ و پنیر(رستوران آزاد-کشاورزی),هات داگ با قارچ و پنیر,هات داگ با قارچ و پنیر,False,60.45,False,
همبرگر(رستوران آزاد-کشاورزی),همبرگر,ساندویچ همبرگر,True,90.0,False,
هواری مرغ+میوه,هواری مرغ,خوراک هواری مرغ,True,90.0,True,میوه
پیتزا سبزیجات(رستوران آزاد-کشاورزی),پیتزا سبزیجات,پیتزا سبزیجات,False,85.5,False,
پیتزا مخلوط(رستوران آزاد-کشاورزی),پیتزا مخلوط,پیتزا مخلوط,False,59.38,False,
چلو خورش آلواسفناج,چلو خورش آلواسفناج,چلو خورش آلواسفناج,True,100.0,False,
چلو خورش آلواسفناج+میوه,چلو خورش آلواسفناج,چلو خورش آلواسفناج,True,100.0,True,میوه
چلو خورش فسنجان(مرغ),چلو خورش فسنجان,چلو خورش فسنجان,True,100.0,False,
چلو خورش فسنجان(مرغ)+ میوه,چلو خورش فسنجان,چلو خورش فسنجان,True,100.0,True,میوه
چلو خورش فسنجان(مرغ)+میوه,چلو خورش فسنجان,چلو خورش فسنجان,True,100.0,True,میوه
چلو خورش فسنجان(گوشت قلقلی)+سالاد شیرازی,چلو خورش فسنجان,چلو خورش فسنجان,True,100.0,True,سالاد شیرازی
چلو خورش قلیه ماهی+ژله تک نفره,چلو خورش قلیه ماهی,چلو خورش قلیه ماهی,True,100.0,True,ژله تک نفره
چلو خورش قورمه سبزی+ میوه,چلو خورش قورمه سبزی,چلو خورش قورمه سبزی,True,100.0,True,میوه
چلو خورش قورمه سبزی+آش,چلو خورش قورمه سبزی,چلو خورش قورمه سبزی,True,100.0,True,آش
چلو خورش قورمه سبزی+خوراک لوبیا,چلو خورش قورمه سبزی,چلو خورش قورمه سبزی,True,100.0,True,خوراک لوبیا
چلو خورش قورمه سبزی+سالاد,چلو خورش قورمه سبزی,چلو خورش قورمه سبزی,True,100.0,True,سالاد
چلو خورش قورمه سبزی+سالاد شیرازی,چلو خورش قورمه سبزی,چلو خورش قورمه سبزی,True,100.0,True,سالاد شیرازی
چلو خورش قورمه سبزی+سالاد شیرازی+شله زرد,چلو خورش قورمه سبزی,چلو خورش قورمه سبزی,True,100.0,True,سالاد شیرازی|شله زرد
چلو خورش قورمه سبزی+سالاد شیرازی+میوه,چلو خورش قورمه سبزی,چلو خورش قورمه سبزی,True,100.0,True,سالاد شیرازی|میوه
چلو خورش قورمه سبزی+سالاد کلم,چلو خورش قورمه سبزی,چلو خورش قورمه سبزی,True,100.0,True,سالاد کلم
چلو خورش قورمه سبزی+ماست,چلو خورش قورمه سبزی,چلو خورش قورمه سبزی,True,100.0,True,ماست
چلو خورش قورمه سبزی+ماست موسیر,چلو خورش قورمه سبزی,چلو خورش قورمه سبزی,True,100.0,True,ماست موسیر
چلو خورش قورمه سبزی+ماست موسیر+میوه,چلو خورش قورمه سبزی,چلو خورش قورمه سبزی,True,100.0,True,ماست موسیر|میوه
چلو خورش قورمه سبزی+ماست و خیار,چلو خورش قورمه سبزی,چلو خورش قورمه سبزی,True,100.0,True,ماست و خیار
چلو خورش قورمه سبزی+ماست+میوه,چلو خورش قورمه سبزی,چلو خورش قورمه سبزی,True,100.0,True,ماست|میوه
چلو خورش قورمه سبزی+میوه,چلو خورش قورمه سبزی,چلو خورش قورمه سبزی,True,100.0,True,میوه
چلو خورش قورمه سبزی+ژله تک نفره,چلو خورش قورمه سبزی,چلو خورش قورمه سبزی,True,100.0,True,ژله تک نفره
چلو خورش قیمه آلو,چلو خورش قیمه آلو,چلو خورش قیمه آلو,True,100.0,False,
چلو خورش قیمه بادمجان+بورانی,چلو خورش قیمه بادمجان,چلو خورش قیمه بادمجان,True,100.0,True,بورانی
چلو خورش قیمه بادمجان+خوراک عدسی (کنارغذا),چلو خورش قیمه بادمجان,چلو خورش قیمه بادمجان,True,100.0,True,خوراک عدسی (کنارغذا)
چلو خورش قیمه بادمجان+خوراک لوبیا,چلو خورش قیمه بادمجان,چلو خورش قیمه بادمجان,True,100.0,True,خوراک لوبیا
چلو خورش قیمه بادمجان+دوغ,چلو خورش قیمه بادمجان,چلو خورش قیمه بادمجان,True,100.0,True,دوغ
چلو خورش قیمه بادمجان+سالاد,چلو خورش قیمه بادمجان,چلو خورش قیمه بادمجان,True,100.0,True,سالاد
چلو خورش قیمه بادمجان+سالاد کلم,چلو خورش قیمه بادمجان,چلو خورش قیمه بادمجان,True,100.0,True,سالاد کلم
چلو خورش قیمه بادمجان+ماست,چلو خورش قیمه بادمجان,چلو خورش قیمه بادمجان,True,100.0,True,ماست
چلو خورش قیمه بادمجان+ماست موسیر,چلو خورش قیمه بادمجان,چلو خورش قیمه بادمجان,True,100.0,True,ماست موسیر
چلو خورش قیمه بادمجان+ماست موسیر+میوه,چلو خورش قیمه بادمجان,چلو خورش قیمه بادمجان,True,100.0,True,ماست موسیر|میوه
چلو خورش قیمه بادمجان+ماست و خیار,چلو خورش قیمه بادمجان,چلو خورش قیمه بادمجان,True,100.0,True,ماست و خیار
چلو خورش قیمه بادمجان+میوه,چلو خورش قیمه بادمجان,چلو خورش قیمه بادمجان,True,100.0,True,میوه
چلو خورش قیمه بادمجان+میوه+ماست و خیار,چلو خورش قیمه بادمجان,چلو خورش قیمه بادمجان,True,100.0,True,میوه|ماست و خیار
چلو خورش قیمه بادمجان+میوه+ژله تک نفره,چلو خورش قیمه بادمجان,چلو خورش قیمه بادمجان,True,100.0,True,میوه|ژله تک نفره
چلو خورش قیمه بادمجان+ژله تک نفره,چلو خورش قیمه بادمجان,چلو خورش قیمه بادمجان,True,100.0,True,ژله تک نفره
چلو خورش قیمه سیب زمینی+دوغ,چلو خورش قیمه سیب زمینی,چلو خورش قیمه سیب زمینی,True,100.0,True,دوغ
چلو خورش قیمه سیب زمینی+سالاد شیرازی,چلو خورش قیمه سیب زمینی,چلو خورش قیمه سیب زمینی,True,100.0,True,سالاد شیرازی
چلو خورش قیمه سیب زمینی+سالاد شیرازی+میوه,چلو خورش قیمه سیب زمینی,چلو خورش قیمه سیب زمینی,True,100.0,True,سالاد شیرازی|میوه
چلو خورش قیمه سیب زمینی+سالاد کلم,چلو خورش قیمه سیب زمینی,چلو خورش قیمه سیب زمینی,True,100.0,True,سالاد کلم
چلو خورش قیمه سیب زمینی+شله زرد,چلو خورش قیمه سیب زمینی,چلو خورش قیمه سیب زمینی,True,100.0,True,شله زرد
چلو خورش قیمه سیب زمینی+ماست,چلو خورش قیمه سیب زمینی,چلو خورش قیمه سیب زمینی,True,100.0,True,ماست
چلو خورش قیمه سیب زمینی+ماست موسیر,چلو خورش قیمه سیب زمینی,چلو خورش قیمه سیب زمینی,True,100.0,True,ماست موسیر
چلو خورش قیمه سیب زمینی+ماست موسیر+میوه,چلو خورش قیمه سیب زمینی,چلو خورش قیمه سیب زمینی,True,100.0,True,ماست موسیر|میوه
چلو خورش قیمه سیب زمینی+ماست و خیار,چلو خورش قیمه سیب زمینی,چلو خورش قیمه سیب زمینی,True,100.0,True,ماست و خیار
چلو خورش قیمه سیب زمینی+ماست+میوه,چلو خورش قیمه سیب زمینی,چلو خورش قیمه سیب زمینی,True,100.0,True,ماست|میوه
چلو خورش قیمه سیب زمینی+میوه,چلو خورش قیمه سیب زمینی,چلو خورش قیمه سیب زمینی,True,100.0,True,میوه
چلو خورش قیمه سیب زمینی+میوه+ماست و خیار,چلو خورش قیمه سیب زمینی,چلو خورش قیمه سیب زمینی,True,100.0,True,میوه|ماست و خیار
چلو خورش قیمه سیب زمینی+ژله تک نفره,چلو خورش قیمه سیب زمینی,چلو خورش قیمه سیب زمینی,True,100.0,True,ژله تک نفره
چلو خورش قیمه نثار,چلو خورش قیمه نثار,چلو خورش قیمه نثار,True,100.0,False,
چلو خورش قیمه کدو,چلو خورش قیمه کدو,چلو خورش قیمه کدو,True,100.0,False,
چلو خورش قیمه کدو+ماست+میوه,چلو خورش قیمه کدو,چلو خورش قیمه کدو,True,100.0,True,ماست|میوه
چلو خورش لوبیاسبز+ماست,چلو خورش لوبیاسبز,چلو خورش لوبیاسبز,True,100.0,True,ماست
چلو خورش لوبیاسبز+ماست موسیر,چلو خورش لوبیاسبز,چلو خورش لوبیاسبز,True,100.0,True,ماست موسیر
چلو خورش لوبیاسبز+ماست و خیار,چلو خورش لوبیاسبز,چلو خورش لوبیاسبز,True,100.0,True,ماست و خیار
چلو خورش لوبیاسبز+ماست+میوه,چلو خورش لوبیاسبز,چلو خورش لوبیاسبز,True,100.0,True,ماست|میوه
چلو خورش مسما بادمجان با مرغ+آش,چلو خورش مسما بادمجان با مرغ,چلو خورش مسما بادمجان با مرغ,True,100.0,True,آش
چلو خورش مسما بادمجان با مرغ+آش رشته,چلو خورش مسما بادمجان با مرغ,چلو خورش مسما بادمجان با مرغ,True,100.0,True,آش رشته
چلو خورش مسما بادمجان با مرغ+سالاد,چلو خورش مسما بادمجان با مرغ,چلو خورش مسما بادمجان با مرغ,True,100.0,True,سالاد
چلو خورش مسما بادمجان با مرغ+سالاد شیرازی+میوه,چلو خورش مسما بادمجان با مرغ,چلو خورش مسما بادمجان با مرغ,True,100.0,True,سالاد شیرازی|میوه
چلو خورش مسما بادمجان با مرغ+ماست,چلو خورش مسما بادمجان با مرغ,چلو خورش مسما بادمجان با مرغ,True,100.0,True,ماست
چلو خورش مسما بادمجان با مرغ+ماست موسیر,چلو خورش مسما بادمجان با مرغ,چلو خورش مسما بادمجان با مرغ,True,100.0,True,ماست موسیر
چلو خورش مسما بادمجان با مرغ+ماست موسیر+میوه,چلو خورش مسما بادمجان با مرغ,چلو خورش مسما بادمجان با مرغ,True,100.0,True,ماست موسیر|میوه
چلو خورش مسما بادمجان با مرغ+میوه,چلو خورش مسما بادمجان با مرغ,چلو خورش مسما بادمجان با مرغ,True,100.0,True,میوه
چلو خورش مسما بادمجان با مرغ+ژله تک نفره,چلو خورش مسما بادمجان با مرغ,چلو خورش مسما بادمجان با مرغ,True,100.0,True,ژله تک نفره
چلو خورش کرفس+سالاد شیرازی,چلو خورش کرفس,چلو خورش کرفس,True,100.0,True,سالاد شیرازی
چلو خورش کرفس+سالاد کلم,چلو خورش کرفس,چلو خورش کرفس,True,100.0,True,سالاد کلم
چلو خورش کرفس+ماست,چلو خورش کرفس,چلو خورش کرفس,True,100.0,True,ماست
چلو خورش کرفس+ماست موسیر+میوه,چلو خورش کرفس,چلو خورش کرفس,True,100.0,True,ماست موسیر|میوه
چلو خورش کرفس+ماست+میوه,چلو خورش کرفس,چلو خورش کرفس,True,100.0,True,ماست|میوه
چلو خورش کرفس+میوه,چلو خورش کرفس,چلو خورش کرفس,True,100.0,True,میوه
چلوتن ماهی+زیتون (40 گرم)+خرما,چلوتن ماهی,چلوتن ماهی,True,100.0,True,زیتون (40 گرم)|خرما
چلوتن ماهی+میوه+زیتون (40 گرم)+خرما,چلوتن ماهی,چلوتن ماهی,True,100.0,True,میوه|زیتون (40 گرم)|خرما
چلوجوجه کباب,چلوجوجه کباب,چلوجوجه کباب,True,100.0,False,
چلوجوجه کباب + 3 سوپ + کره (تکنفره) + گوجه فرنگی کبابی,چلوجوجه کباب,چلوجوجه کباب,True,100.0,True,3 سوپ|کره (تکنفره)|گوجه فرنگی کبابی
چلوجوجه کباب + دوغ,چلوجوجه کباب,چلوجوجه کباب,True,100.0,True,دوغ
چلوجوجه کباب + کره (تکنفره) + گوجه فرنگی کبابی,چلوجوجه کباب,چلوجوجه کباب,True,100.0,True,کره (تکنفره)|گوجه فرنگی کبابی
چلوجوجه کباب+2 سوپ+کره (تکنفره)+گوجه فرنگی کبابی,چلوجوجه کباب,چلوجوجه کباب,True,100.0,True,2 سوپ|کره (تکنفره)|گوجه فرنگی کبابی
چلوجوجه کباب+آش رشته+کره (تکنفره)+گوجه فرنگی کبابی,چلوجوجه کباب,چلوجوجه کباب,True,100.0,True,آش رشته|کره (تکنفره)|گوجه فرنگی کبابی
چلوجوجه کباب+آش+کره (تکنفره)+نارنج (50 گرم),چلوجوجه کباب,چلوجوجه کباب,True,100.0,True,آش|کره (تکنفره)|نارنج (50 گرم)
چلوجوجه کباب+آش+کره (تکنفره)+گوجه فرنگی کبابی,چلوجوجه کباب,چلوجوجه کباب,True,100.0,True,آش|کره (تکنفره)|گوجه فرنگی کبابی
چلوجوجه کباب+دوغ+کره (تکنفره)+نارنج (50 گرم),چلوجوجه کباب,چلوجوجه کباب,True,100.0,True,دوغ|کره (تکنفره)|نارنج (50 گرم)
چلوجوجه کباب+دوغ+کره (تکنفره)+گوجه فرنگی کبابی,چلوجوجه کباب,چلوجوجه کباب,True,100.0,True,دوغ|کره (تکنفره)|گوجه فرنگی کبابی
چلوجوجه کباب+سالاد فصل,چلوجوجه کباب,چلوجوجه کباب,True,100.0,True,سالاد فصل
چلوجوجه کباب+سالاد کلم,چلوجوجه کباب,چلوجوجه کباب,True,100.0,True,سالاد کلم
چلوجوجه کباب+سالاد کلم+سوپ,چلوجوجه کباب,چلوجوجه کباب,True,100.0,True,سالاد کلم|سوپ
چلوجوجه کباب+سالاد کلم+سوپ جو,چلوجوجه کباب,چلوجوجه کباب,True,100.0,True,سالاد کلم|سوپ جو
چلوجوجه کباب+سالاد کلم+میوه,چلوجوجه کباب,چلوجوجه کباب,True,100.0,True,سالاد کلم|میوه
چلوجوجه کباب+سوپ+کره (تکنفره)+نارنج (50 گرم),چلوجوجه کباب,چلوجوجه کباب,True,100.0,True,سوپ|کره (تکنفره)|نارنج (50 گرم)
چلوجوجه کباب+سوپ+کره (تکنفره)+گوجه فرنگی کبابی,چلوجوجه کباب,چلوجوجه کباب,True,100.0,True,سوپ|کره (تکنفره)|گوجه فرنگی کبابی
چلوجوجه کباب+ماست موسیر+میوه,چلوجوجه کباب,چلوجوجه کباب,True,100.0,True,ماست موسیر|میوه
چلوجوجه کباب+نوشیدنی,چلوجوجه کباب,چلوجوجه کباب,True,100.0,True,نوشیدنی
چلوجوجه کباب+کره (تکنفره)+ماست موسیر+گوجه فرنگی کبابی,چلوجوجه کباب,چلوجوجه کباب,True,100.0,True,کره (تکنفره)|ماست موسیر|گوجه فرنگی کبابی
چلوجوجه کباب+کره (تکنفره)+ماست+گوجه فرنگی کبابی,چلوجوجه کباب,چلوجوجه کباب,True,100.0,True,کره (تکنفره)|ماست|گوجه فرنگی کبابی
چلوجوجه کباب+کره (تکنفره)+میوه+نارنج (50 گرم),چلوجوجه کباب,چلوجوجه کباب,True,100.0,True,کره (تکنفره)|میوه|نارنج (50 گرم)
چلوجوجه کباب+کره (تکنفره)+نارنج (50 گرم)+ژله تک نفره,چلوجوجه کباب,چلوجوجه کباب,True,100.0,True,کره (تکنفره)|نارنج (50 گرم)|ژله تک نفره
چلوجوجه کباب+کره (تکنفره)+گوجه فرنگی کبابی+خوراک عدسی (کنارغذا),چلوجوجه کباب,چلوجوجه کباب,True,100.0,True,کره (تکنفره)|گوجه فرنگی کبابی|خوراک عدسی (کنارغذا)
چلومرغ,چلومرغ,چلومرغ مخلوط,True,90.0,False,
چلومرغ مخلوط,چلومرغ مخلوط,چلومرغ مخلوط,True,100.0,False,
چلومرغ مخلوط+آش رشته+سالاد شیرازی,چلومرغ مخلوط,چلومرغ مخلوط,True,100.0,True,آش رشته|سالاد شیرازی
چلومرغ مخلوط+سالاد شیرازی,چلومرغ مخلوط,چلومرغ مخلوط,True,100.0,True,سالاد شیرازی
چلومرغ مخلوط+سالاد کلم+میوه,چلومرغ مخلوط,چلومرغ مخلوط,True,100.0,True,سالاد کلم|میوه
چلومرغ مخلوط+سالاد+میوه,چلومرغ مخلوط,چلومرغ مخلوط,True,100.0,True,سالاد|میوه
چلومرغ مخلوط+ماست موسیر,چلومرغ مخلوط,چلومرغ مخلوط,True,100.0,True,ماست موسیر
چلومرغ مخلوط+ماست موسیر+میوه,چلومرغ مخلوط,چلومرغ مخلوط,True,100.0,True,ماست موسیر|میوه
چلومرغ مخلوط+ماست و خیار,چلومرغ مخلوط,چلومرغ مخلوط,True,100.0,True,ماست و خیار
چلومرغ مخلوط+ماست+میوه,چلومرغ مخلوط,چلومرغ مخلوط,True,100.0,True,ماست|میوه
چلومرغ مخلوط+ژله تک نفره,چلومرغ مخلوط,چلومرغ مخلوط,True,100.0,True,ژله تک نفره
چلومیرزا قاسمی+پوره سیب زمینی+دوغ,چلومیرزا قاسمی,چلومیرزا قاسمی,True,100.0,True,پوره سیب زمینی|دوغ
چلوکباب تابه ای+دوغ,چلوکباب تابه ای,چلوکباب تابه ای,True,100.0,True,دوغ
چلوکباب تابه ای+دوغ+میوه,چلوکباب تابه ای,چلوکباب تابه ای,True,100.0,True,دوغ|میوه
چلوکباب تابه ای+سوپ,چلوکباب تابه ای,چلوکباب تابه ای,True,100.0,True,سوپ
چلوکباب تابه ای+ژله تک نفره,چلوکباب تابه ای,چلوکباب تابه ای,True,100.0,True,ژله تک نفره
چلوکباب کوبیده,چلوکباب کوبیده,چلوکباب کوبیده,True,100.0,False,
چلوکباب کوبیده نگینی,چلوکباب کوبیده نگینی,چلوکباب کوبیده نگینی,True,100.0,False,
چلوکباب کوبیده نگینی+دوغ+کره (تکنفره)+نارنج (50 گرم),چلوکباب کوبیده نگینی,چلوکباب کوبیده نگینی,True,100.0,True,دوغ|کره (تکنفره)|نارنج (50 گرم)
چلوکباب کوبیده نگینی+دوغ+کره (تکنفره)+گوجه فرنگی کبابی,چلوکباب کوبیده نگینی,چلوکباب کوبیده نگینی,True,100.0,True,دوغ|کره (تکنفره)|گوجه فرنگی کبابی
چلوکباب کوبیده نگینی+ماست موسیر+نارنج (50 گرم),چلوکباب کوبیده نگینی,چلوکباب کوبیده نگینی,True,100.0,True,ماست موسیر|نارنج (50 گرم)
چلوکباب کوبیده نگینی+کره (تکنفره)+ماست موسیر+نارنج (50 گرم),چلوکباب کوبیده نگینی,چلوکباب کوبیده نگینی,True,100.0,True,کره (تکنفره)|ماست موسیر|نارنج (50 گرم)
چلوکباب کوبیده+آش رشته+نوشیدنی,چلوکباب کوبیده,چلوکباب کوبیده,True,100.0,True,آش رشته|نوشیدنی
چلوکباب کوبیده+آش رشته+کره (تکنفره)+گوجه فرنگی کبابی,چلوکباب کوبیده,چلوکباب کوبیده,True,100.0,True,آش رشته|کره (تکنفره)|گوجه فرنگی کبابی
چلوکباب کوبیده+آش+کره (تکنفره)+گوجه فرنگی کبابی,چلوکباب کوبیده,چلوکباب کوبیده,True,100.0,True,آش|کره (تکنفره)|گوجه فرنگی کبابی
چلوکباب کوبیده+دوغ,چلوکباب کوبیده,چلوکباب کوبیده,True,100.0,True,دوغ
چلوکباب کوبیده+دوغ+سوپ,چلوکباب کوبیده,چلوکباب کوبیده,True,100.0,True,دوغ|سوپ
چلوکباب کوبیده+دوغ+میوه,چلوکباب کوبیده,چلوکباب کوبیده,True,100.0,True,دوغ|میوه
چلوکباب کوبیده+دوغ+کره (تکنفره)+نارنج (50 گرم),چلوکباب کوبیده,چلوکباب کوبیده,True,100.0,True,دوغ|کره (تکنفره)|نارنج (50 گرم)
چلوکباب کوبیده+دوغ+کره (تکنفره)+گوجه فرنگی کبابی,چلوکباب کوبیده,چلوکباب کوبیده,True,100.0,True,دوغ|کره (تکنفره)|گوجه فرنگی کبابی
چلوکباب کوبیده+دوغ+گوجه فرنگی کبابی,چلوکباب کوبیده,چلوکباب کوبیده,True,100.0,True,دوغ|گوجه فرنگی کبابی
چلوکباب کوبیده+سوپ قارچ و خامه+نوشیدنی,چلوکباب کوبیده,چلوکباب کوبیده,True,100.0,True,سوپ قارچ و خامه|نوشیدنی
چلوکباب کوبیده+میوه+نوشیدنی,چلوکباب کوبیده,چلوکباب کوبیده,True,100.0,True,میوه|نوشیدنی
چلوکباب کوبیده+نوشیدنی,چلوکباب کوبیده,چلوکباب کوبیده,True,100.0,True,نوشیدنی
چلوکباب کوبیده+کره (تکنفره)+ماست+گوجه فرنگی کبابی,چلوکباب کوبیده,چلوکباب کوبیده,True,100.0,True,کره (تکنفره)|ماست|گوجه فرنگی کبابی
چلوکباب کوبیده+کره (تکنفره)+میوه+گوجه فرنگی کبابی,چلوکباب کوبیده,چلوکباب کوبیده,True,100.0,True,کره (تکنفره)|میوه|گوجه فرنگی کبابی
چلوکباب کوبیده+کره (تکنفره)+نارنج (50 گرم)+ژله تک نفره,چلوکباب کوبیده,چلوکباب کوبیده,True,100.0,True,کره (تکنفره)|نارنج (50 گرم)|ژله تک نفره
چلوکباب کوبیده+کره (تکنفره)+گوجه فرنگی کبابی+بامیه,چلوکباب کوبیده,چلوکباب کوبیده,True,100.0,True,کره (تکنفره)|گوجه فرنگی کبابی|بامیه
چلوکباب کوبیده+کره (تکنفره)+گوجه فرنگی کبابی+خوراک عدسی (کنارغذا),چلوکباب کوبیده,چلوکباب کوبیده,True,100.0,True,کره (تکنفره)|گوجه فرنگی کبابی|خوراک عدسی (کنارغذا)
چلوکباب کوبیده+کره (تکنفره)+گوجه فرنگی کبابی+دوغ,چلوکباب کوبیده,چلوکباب کوبیده,True,100.0,True,کره (تکنفره)|گوجه فرنگی کبابی|دوغ
چلوکباب کوبیده+کره (تکنفره)+گوجه فرنگی کبابی+ژله تک نفره,چلوکباب کوبیده,چلوکباب کوبیده,True,100.0,True,کره (تکنفره)|گوجه فرنگی کبابی|ژله تک نفره
چلوکوبیده مرغ(1 سیخ)+آش شله قلمکار+نوشیدنی,چلوکوبیده مرغ,چلوکوبیده مرغ,True,100.0,True,آش شله قلمکار|نوشیدنی
چلوکوبیده مرغ(1 سیخ)+دوغ,چلوکوبیده مرغ,چلوکوبیده مرغ,True,100.0,True,دوغ
چلوکوبیده مرغ(1 سیخ)+دوغ+میوه,چلوکوبیده مرغ,چلوکوبیده مرغ,True,100.0,True,دوغ|میوه
چلوکوبیده مرغ(1 سیخ)+نوشیدنی,چلوکوبیده مرغ,چلوکوبیده مرغ,True,100.0,True,نوشیدنی
چلوگوشت,چلوگوشت,چلوگوشت,True,100.0,False,
چلوگوشت + ماست + میوه,چلوگوشت,چلوگوشت,True,100.0,True,ماست|میوه
چلوگوشت+ماست,چلوگوشت,چلوگوشت,True,100.0,True,ماست
چلوگوشت+میوه,چلوگوشت,چلوگوشت,True,100.0,True,میوه
چیز برگر(رستوران آزاد-کشاورزی),چیز برگر,چیز برگر,False,67.5,False,
ژامبون مرغ(رستوران آزاد-کشاورزی),ژامبون مرغ,ژامبون مرغ,False,85.5,False,
کنسرو تن ماهی (180گرمی)+خوراک لوبیا,کنسرو تن ماهی,خوراک کنسرو تن ماهی,True,95.0,True,خوراک لوبیا
کنسرو تن ماهی (180گرمی)+سوپ,کنسرو تن ماهی,خوراک کنسرو تن ماهی,True,95.0,True,سوپ
کنسرو تن ماهی (180گرمی)+میوه,کنسرو تن ماهی,خوراک کنسرو تن ماهی,True,95.0,True,میوه
