raw_name,canonical_name,match_score,method
تست اپ,,,excluded
خوابگاه- فاطمیه -خواهران,فاطمیه,90.0,fuzzy_reviewed
خوابگاه-ساختمان 6-برادران,ساختمان 6,90.0,fuzzy_reviewed
خوابگاه-ساختمان 71و72-خواهران,ساختمان 71و72,90.0,fuzzy_reviewed
خوابگاه-چمران-خواهران,چمران,90.0,fuzzy_reviewed
خوابگاه-کوی -برادران,کوی,90.0,fuzzy_reviewed
دانشکده- علوم و فناوری های میان رشته ای,علوم و فناوری های میان رشته ای,95.0,fuzzy_reviewed
دانشکده-سلف اقتصاد,اقتصاد,90.0,fuzzy_reviewed
دانشکده-سلف الهیات و معارف اسلامی,الهیات و معارف اسلامی,90.0,fuzzy_reviewed
دانشکده-سلف بیوشیمی و بیوفیزیک,بیوشیمی و بیوفیزیک,90.0,fuzzy_reviewed
دانشکده-سلف تربیت بدنی,تربیت بدنی,90.0,fuzzy_reviewed
دانشکده-سلف دامپزشکی تهران,دامپزشکی تهران,90.0,fuzzy_reviewed
دانشکده-سلف روانشناسی و علوم تربیتی,روانشناسی و علوم تربیتی,90.0,fuzzy_reviewed
دانشکده-سلف زبانهای خارجه,زبانهای خارجه,90.0,fuzzy_reviewed
دانشکده-سلف علوم,علوم,90.0,fuzzy_reviewed
دانشکده-سلف علوم اجتماعی,علوم اجتماعی,,manual_override
دانشکده-سلف فنی1-16 آذر -برادران-کارکنان-برادران,فنی 16 آذر,85.5,fuzzy_reviewed_low_score
دانشکده-سلف فنی1-16 آذر(سلف مهمان-روزانه 50نفر),فنی 16 آذر,72.0,fuzzy_reviewed_low_score
دانشکده-سلف فنی1-16 آذر-خواهران-کارکنان-خواهران,فنی 16 آذر,72.0,fuzzy_reviewed_low_score
دانشکده-سلف فنی2-امیرآباد(سلف مهمان-روزانه 50نفر),فنی امیرآباد,75.0,fuzzy_reviewed_low_score
دانشکده-سلف فنی2-امیرآباد-برادران-کارکنان-برادران,فنی امیرآباد,75.0,fuzzy_reviewed_low_score
دانشکده-سلف فنی2-امیرآباد-خواهران-دکترا-برادران-کارکنان,فنی امیرآباد,75.0,fuzzy_reviewed_low_score
دانشکده-سلف فیزیک,فیزیک,90.0,fuzzy_reviewed
دانشکده-سلف مدیریت,مدیریت,90.0,fuzzy_reviewed
دانشکده-سلف مطالعات جهان,مطالعات جهان,90.0,fuzzy_reviewed
دانشکده-سلف مهر,مهر,90.0,fuzzy_reviewed
دانشکده-سلف مهر(سلف مهمان-روزانه 50نفر),مهر,60.0,fuzzy_reviewed_low_score
دانشکده-سلف هنرهای زیبا,هنرهای زیبا,90.0,fuzzy_reviewed
دانشکده-سلف ژئوفیزیک,ژئوفیزیک,,manual_override
دانشکده-سلف کارآفرینی,کارآفرینی,90.0,fuzzy_reviewed
دوره حوزه علوم انسانی,دوره حوزه علوم انسانی,100.0,fuzzy_reviewed
دوره حوزه علوم انسانی (سلف مهر),دوره حوزه علوم انسانی,95.0,fuzzy_reviewed
سطح شهر- شهید آرمان علی وردی,سطح شهر,90.0,fuzzy_reviewed
سطح شهر- عطارشرقی(فردانش2)- دختران,سطح شهر,90.0,fuzzy_reviewed
سطح شهر- عطارغربی(فردانش1)- دختران,سطح شهر,90.0,fuzzy_reviewed
سطح شهر-امین,سطح شهر,90.0,fuzzy_reviewed
سطح شهر-حافظ,سطح شهر,90.0,fuzzy_reviewed
سطح شهر-رودکی-قدس 2,سطح شهر,90.0,fuzzy_reviewed
سطح شهر-سارا-خواهران,سطح شهر,90.0,fuzzy_reviewed
سطح شهر-سیزده آبان,سطح شهر,90.0,fuzzy_reviewed
سطح شهر-شانزده آذر1,سطح شهر,90.0,fuzzy_reviewed
سطح شهر-شهدای دانشجو-بهنام,سطح شهر,90.0,fuzzy_reviewed
سطح شهر-ضیاء,سطح شهر,90.0,fuzzy_reviewed
سطح شهر-طاهری,سطح شهر,90.0,fuzzy_reviewed
سطح شهر-عطار-شفیعی,سطح شهر,90.0,fuzzy_reviewed
سطح شهر-قدس,سطح شهر,90.0,fuzzy_reviewed
سطح شهر-قدس 3,سطح شهر,90.0,fuzzy_reviewed
سطح شهر-نصرت,سطح شهر,90.0,fuzzy_reviewed
سطح شهر-وصال شیرازی,سطح شهر,90.0,fuzzy_reviewed
سطح شهر-پروفسورحسابی,سطح شهر,90.0,fuzzy_reviewed
سطح شهر-کیانوری-خواهران,سطح شهر,90.0,fuzzy_reviewed
فارابی- سلف مرکزی,فارابی,90.0,fuzzy_reviewed
فارابی- سلف مرکزی(سلف مهمان-روزانه 50نفر),فارابی,90.0,fuzzy_reviewed
فارابی-خوابگاه-اندیشه قم-برادران,فارابی,90.0,fuzzy_reviewed
فارابی-خوابگاه-اندیشه قم-برادران(سلف مهمان-روزانه 50نفر),فارابی,60.0,fuzzy_reviewed_low_score
فارابی-خوابگاه-حضرت زهرا-خواهران,فارابی,90.0,fuzzy_reviewed
فارابی-خوابگاه-حضرت زهرا-خواهران(سلف مهمان-روزانه 50نفر),فارابی,60.0,fuzzy_reviewed_low_score
فارابی-خوابگاه-حضرت معصومه-خواهران,فارابی,90.0,fuzzy_reviewed
فارابی-خوابگاه-دانش قم-برادران,فارابی,90.0,fuzzy_reviewed
فومن-خوابگاه-خواهران,فومن,90.0,fuzzy_reviewed
فومن-خوابگاه1و2-برادران,فومن,90.0,fuzzy_reviewed
فومن-پردیس فنی-4,فومن,90.0,fuzzy_reviewed
پردیس -ابوریحان,ابوریحان,90.0,fuzzy_reviewed
کاسپین-خوابگاه 1-خواهران,کاسپین,90.0,fuzzy_reviewed
کاسپین-خوابگاه-برادران,کاسپین,90.0,fuzzy_reviewed
کاسپین-پردیس فنی-3,کاسپین,90.0,fuzzy_reviewed
کشاورزی - خرید از بوفه(خوابگاه برادران),کشاورزی,90.0,fuzzy_reviewed
کشاورزی - خرید از بوفه(خوابگاه خواهران),کشاورزی,90.0,fuzzy_reviewed
کشاورزی- خوابگاه برادران(سلف مرکزی),کشاورزی,90.0,fuzzy_reviewed
کشاورزی- رستوران آزاد,کشاورزی,90.0,fuzzy_reviewed
کشاورزی- سلف خوابگاه خواهران,کشاورزی,90.0,fuzzy_reviewed
کشاورزی- سلف مرکزی,کشاورزی,90.0,fuzzy_reviewed
کشاورزی- سلف مرکزی(سلف مهمان-روزانه 50نفر),کشاورزی,90.0,fuzzy_reviewed
