date_gregorian,date_jalali,temp_max,temp_min,temp_mean,feels_like_max,feels_like_min,precipitation_sum,rain_sum,snowfall_sum,wind_speed_max,relative_humidity_mean,pm2_5_mean,pm2_5_max,pm10_mean,pm10_max,aqi_us_mean,aqi_us_max
2023-11-01,1402-08-10,22.2,14.0,18.16,19.1,10.0,0.0,0.0,0.0,13.8,34.88,44.5,83.1,81.03,128.1,139.29,145
2023-11-02,1402-08-11,22.1,12.8,16.67,19.0,9.3,1.2,1.2,0.0,22.7,44.08,37.93,85.9,72.23,128.5,114.5,123
2023-11-03,1402-08-12,20.6,9.5,14.79,17.6,7.8,0.0,0.0,0.0,16.6,61.21,60.79,119.2,95.6,176.0,126.21,152
2023-11-04,1402-08-13,16.9,10.0,13.35,15.4,6.2,3.3,3.3,0.0,14.2,67.08,50.34,114.1,80.18,167.2,152.62,156
2023-11-05,1402-08-14,16.9,10.7,13.85,15.7,9.5,0.7,0.7,0.0,7.9,70.42,71.96,137.4,110.13,200.7,146.12,160
2023-11-06,1402-08-15,19.2,9.0,13.87,17.0,6.0,0.0,0.0,0.0,12.3,63.08,79.47,150.9,116.76,218.4,164.88,167
2023-11-07,1402-08-16,20.6,8.6,14.64,18.1,4.5,0.0,0.0,0.0,13.8,46.75,77.43,164.8,111.87,236.1,164.29,167
2023-11-08,1402-08-17,19.2,9.2,14.35,16.0,5.6,0.0,0.0,0.0,13.0,44.54,60.6,132.2,87.35,189.5,161.96,166
2023-11-09,1402-08-18,19.2,8.6,13.9,15.8,5.2,0.0,0.0,0.0,14.9,42.42,57.57,106.2,87.9,156.9,152.83,154
2023-11-10,1402-08-19,23.0,8.6,15.56,18.8,4.8,0.0,0.0,0.0,15.6,34.42,62.06,117.1,92.6,170.0,152.79,154
2023-11-11,1402-08-20,20.5,10.5,15.86,17.8,6.7,0.0,0.0,0.0,10.9,33.79,62.28,106.4,92.28,154.6,157.67,160
2023-11-12,1402-08-21,21.0,10.2,15.47,17.3,6.2,0.0,0.0,0.0,13.0,37.33,65.65,143.4,99.96,212.3,151.5,156
2023-11-13,1402-08-22,21.2,9.5,15.7,17.9,5.5,0.0,0.0,0.0,13.3,34.0,83.48,181.6,125.36,266.4,161.88,169
2023-11-14,1402-08-23,20.7,9.6,15.49,17.1,5.9,0.0,0.0,0.0,11.0,35.62,68.14,124.8,102.17,181.1,169.54,172
2023-11-15,1402-08-24,19.6,9.2,15.03,16.0,4.6,0.0,0.0,0.0,13.6,34.08,61.06,123.4,90.97,179.7,154.96,159
2023-11-16,1402-08-25,20.7,9.9,15.65,16.3,6.1,0.0,0.0,0.0,20.1,36.92,48.75,113.4,74.19,165.8,151.96,154
2023-11-17,1402-08-26,21.0,9.7,14.67,15.4,6.6,0.0,0.0,0.0,29.4,41.21,28.84,78.2,42.09,112.2,112.5,133
2023-11-18,1402-08-27,20.0,8.5,13.72,15.3,4.4,0.0,0.0,0.0,20.9,40.88,41.01,99.4,59.8,142.5,84.0,108
2023-11-19,1402-08-28,19.9,7.5,13.81,16.9,2.7,0.0,0.0,0.0,16.9,36.46,39.0,114.1,56.64,163.4,128.54,135
2023-11-20,1402-08-29,18.4,9.4,13.03,15.0,5.4,16.0,16.0,0.0,19.1,42.62,24.3,52.5,36.83,77.1,91.46,109
2023-11-21,1402-08-30,9.8,4.3,7.16,7.4,0.3,12.6,12.3,0.21,17.9,72.88,19.49,65.0,30.47,96.2,69.54,79
2023-11-22,1402-09-01,12.1,0.4,5.56,8.4,-4.1,0.0,0.0,0.0,15.0,49.54,43.78,115.5,63.43,164.8,84.54,116
2023-11-23,1402-09-02,12.0,2.2,6.84,8.8,-2.6,0.0,0.0,0.0,14.0,45.08,69.32,166.7,99.5,238.4,140.58,159
2023-11-24,1402-09-03,13.1,4.1,8.84,9.8,-0.1,0.0,0.0,0.0,10.7,40.83,89.85,194.2,129.35,279.4,166.42,174
2023-11-25,1402-09-04,14.0,2.5,7.84,11.0,-2.3,0.0,0.0,0.0,13.2,46.25,83.88,184.9,121.11,265.4,174.75,177
2023-11-26,1402-09-05,15.2,5.8,10.22,12.5,1.4,0.0,0.0,0.0,11.4,44.58,71.76,133.2,103.64,191.4,169.29,173
2023-11-27,1402-09-06,17.5,4.7,10.34,14.1,0.0,0.0,0.0,0.0,16.7,56.04,47.2,104.3,74.33,151.8,151.79,162
2023-11-28,1402-09-07,16.0,3.2,10.0,12.2,-2.0,1.3,1.3,0.0,21.3,59.33,36.45,72.9,58.91,112.5,120.88,130
2023-11-29,1402-09-08,14.2,2.5,8.29,10.9,-2.7,0.0,0.0,0.0,17.5,50.71,54.46,143.4,81.83,209.1,103.12,142
2023-11-30,1402-09-09,14.9,4.5,9.02,12.0,-0.3,0.0,0.0,0.0,14.8,48.25,66.1,147.6,99.81,214.7,154.71,158
2023-12-01,1402-09-10,14.9,5.8,9.85,12.3,1.7,0.0,0.0,0.0,11.2,40.5,71.97,147.6,105.48,215.1,158.58,161
2023-12-02,1402-09-11,15.1,3.6,9.14,11.9,-1.1,0.0,0.0,0.0,13.8,44.38,75.7,165.3,111.85,241.2,163.17,164
2023-12-03,1402-09-12,15.7,3.7,9.64,12.2,-1.1,0.0,0.0,0.0,11.6,35.58,81.93,172.8,119.99,250.5,166.75,169
2023-12-04,1402-09-13,15.5,5.5,9.88,12.1,1.2,0.0,0.0,0.0,10.1,33.29,74.64,158.8,108.24,230.0,166.83,169
2023-12-05,1402-09-14,15.0,4.7,9.68,11.1,0.0,0.0,0.0,0.0,11.2,27.17,58.29,127.1,83.41,181.6,158.92,164
2023-12-06,1402-09-15,14.8,4.2,9.89,10.4,-0.5,0.0,0.0,0.0,9.8,27.25,80.31,173.2,116.52,251.5,157.33,166
2023-12-07,1402-09-16,14.6,4.8,9.11,10.6,-0.1,0.5,0.5,0.0,14.0,29.67,68.21,113.2,105.15,163.0,171.12,175
2023-12-08,1402-09-17,17.0,4.5,10.22,12.7,-0.5,0.0,0.0,0.0,15.2,37.0,51.65,120.6,75.81,173.7,139.21,159
2023-12-09,1402-09-18,15.3,4.5,9.9,11.7,0.2,0.0,0.0,0.0,13.3,36.71,56.66,106.2,86.16,156.5,149.71,152
2023-12-10,1402-09-19,18.3,4.6,10.93,12.2,0.4,0.0,0.0,0.0,25.6,35.42,56.49,97.3,92.09,146.7,153.33,155
2023-12-11,1402-09-20,15.8,5.6,10.19,12.0,0.9,0.0,0.0,0.0,13.6,29.79,51.66,123.4,75.9,178.3,129.12,151
2023-12-12,1402-09-21,13.1,6.4,9.5,9.6,2.2,0.0,0.0,0.0,8.7,37.92,77.06,155.5,117.48,231.4,156.04,164
2023-12-13,1402-09-22,12.6,6.0,9.48,9.6,2.5,0.0,0.0,0.0,8.6,43.42,85.42,136.0,136.72,245.9,172.12,176
2023-12-14,1402-09-23,9.0,4.0,7.05,6.3,0.9,1.0,1.0,0.0,12.6,67.54,43.65,88.2,72.62,171.8,160.5,171
2023-12-15,1402-09-24,11.2,3.2,6.53,7.4,-0.4,0.0,0.0,0.0,14.6,57.21,40.95,84.3,60.4,120.1,96.88,120
2023-12-16,1402-09-25,11.9,2.0,6.58,8.5,-2.3,0.0,0.0,0.0,12.2,42.88,59.78,125.3,85.75,179.3,129.54,152
2023-12-17,1402-09-26,13.4,2.9,8.11,10.2,-1.4,0.0,0.0,0.0,11.0,44.67,76.43,141.1,109.6,202.1,159.25,165
2023-12-18,1402-09-27,11.5,4.1,7.65,7.8,0.3,0.0,0.0,0.0,14.1,46.21,64.49,115.0,92.87,164.8,163.88,168
2023-12-19,1402-09-28,10.5,2.1,6.22,7.7,-2.2,0.0,0.0,0.0,10.7,55.46,70.66,120.1,102.34,172.3,158.21,161
2023-12-20,1402-09-29,10.4,1.5,5.93,7.1,-2.6,0.0,0.0,0.0,8.4,54.42,65.57,123.4,96.14,177.9,160.08,161
2023-12-21,1402-09-30,10.8,2.5,5.85,7.0,-1.4,0.0,0.0,0.0,12.8,51.79,75.68,145.3,111.65,211.9,156.46,163
2023-12-22,1402-10-01,10.7,1.4,6.5,7.8,-3.4,0.4,0.4,0.0,13.3,48.96,73.28,123.9,110.81,186.7,165.54,167
2023-12-23,1402-10-02,12.0,3.7,7.98,8.8,-0.3,1.1,1.1,0.0,12.4,56.67,52.39,109.4,90.14,168.6,158.92,163
2023-12-24,1402-10-03,12.8,3.4,8.09,9.8,-0.8,0.2,0.2,0.0,17.2,58.12,26.3,52.9,42.32,75.9,110.0,142
2023-12-25,1402-10-04,13.0,4.7,9.02,7.8,0.8,2.1,2.1,0.0,26.2,55.38,24.31,55.2,35.78,78.9,73.92,83
2023-12-26,1402-10-05,14.3,2.5,7.25,9.3,-2.1,0.0,0.0,0.0,15.8,49.79,33.95,78.0,48.9,111.8,85.5,95
2023-12-27,1402-10-06,14.6,3.8,9.24,11.1,-0.8,0.0,0.0,0.0,11.8,40.58,45.59,89.9,65.61,129.0,109.92,124
2023-12-28,1402-10-07,12.0,3.8,7.78,9.1,-1.3,0.3,0.3,0.0,16.5,47.83,50.97,90.1,74.28,129.0,136.5,145
2023-12-29,1402-10-08,11.9,1.7,6.19,8.9,-2.5,0.0,0.0,0.0,16.3,54.42,54.12,120.6,77.89,173.2,129.96,143
2023-12-30,1402-10-09,11.6,2.0,6.65,8.6,-2.2,0.0,0.0,0.0,13.3,50.83,62.77,122.0,91.36,176.5,154.04,156
2023-12-31,1402-10-10,11.7,2.0,6.39,8.7,-2.2,0.0,0.0,0.0,11.8,53.92,72.76,140.2,107.14,203.5,158.38,162
2024-01-01,1402-10-11,12.5,2.7,6.94,9.8,-1.7,0.0,0.0,0.0,12.0,51.92,65.68,139.2,98.4,203.5,158.67,162
2024-01-02,1402-10-12,12.5,1.9,7.1,9.4,-2.5,0.0,0.0,0.0,14.4,50.12,66.96,121.5,103.36,183.0,160.46,162
2024-01-03,1402-10-13,12.2,3.4,7.76,8.4,-0.6,0.0,0.0,0.0,12.2,47.58,56.04,112.9,86.85,166.7,157.17,159
2024-01-04,1402-10-14,12.6,1.6,6.45,8.5,-3.1,0.0,0.0,0.0,15.1,43.92,47.57,112.0,68.69,160.2,123.12,150
2024-01-05,1402-10-15,13.4,2.1,7.26,9.4,-2.5,0.0,0.0,0.0,13.0,42.54,42.04,83.4,60.35,119.2,132.08,137
2024-01-06,1402-10-16,11.5,1.6,6.48,7.6,-2.2,0.0,0.0,0.0,16.1,51.67,24.28,57.2,35.6,82.7,104.67,116
2024-01-07,1402-10-17,10.0,-1.9,4.44,5.7,-7.8,0.0,0.0,0.0,17.1,33.67,49.34,130.9,71.06,188.1,82.88,128
2024-01-08,1402-10-18,11.5,0.4,5.98,7.5,-4.5,0.0,0.0,0.0,12.6,33.17,61.34,123.4,88.49,177.0,152.21,157
2024-01-09,1402-10-19,18.0,2.9,9.4,11.6,-2.2,0.0,0.0,0.0,20.6,24.58,48.68,121.1,70.09,173.2,144.17,154
2024-01-10,1402-10-20,15.2,3.8,9.19,11.2,-1.7,0.0,0.0,0.0,15.5,27.12,31.26,83.6,46.13,119.7,129.25,138
2024-01-11,1402-10-21,12.2,6.6,9.08,8.8,3.2,2.8,2.8,0.0,12.3,47.54,37.68,87.1,75.66,159.7,90.46,105
2024-01-12,1402-10-22,7.5,2.5,5.18,5.0,-1.4,7.0,7.0,0.0,12.5,77.96,30.64,81.3,49.42,118.7,101.08,110
2024-01-13,1402-10-23,10.8,1.6,6.1,8.1,-2.1,4.0,3.8,0.14,17.8,68.17,29.85,55.2,45.75,79.9,86.5,91
2024-01-14,1402-10-24,11.2,4.5,6.92,7.6,-0.0,4.1,4.1,0.0,18.4,67.29,33.93,55.2,54.25,88.5,96.38,99
2024-01-15,1402-10-25,12.5,2.6,6.94,10.4,-2.4,0.3,0.3,0.0,17.8,60.96,38.15,75.0,61.3,111.8,99.25,108
2024-01-16,1402-10-26,11.2,0.2,4.45,7.7,-5.2,0.0,0.0,0.0,16.1,41.96,47.99,117.6,71.37,168.6,109.04,128
2024-01-17,1402-10-27,10.7,0.1,4.77,7.2,-5.6,0.0,0.0,0.0,16.6,40.21,51.15,122.5,73.52,175.1,135.79,138
2024-01-18,1402-10-28,12.1,1.6,6.12,8.8,-3.8,0.0,0.0,0.0,15.6,45.5,76.68,162.5,111.53,236.1,152.38,163
2024-01-19,1402-10-29,12.2,0.9,5.74,9.1,-4.3,0.0,0.0,0.0,15.3,47.71,72.79,141.1,107.73,205.8,166.79,169
2024-01-20,1402-10-30,12.5,1.7,6.81,9.2,-3.7,0.0,0.0,0.0,15.5,42.58,86.18,182.5,128.2,268.2,164.04,171
2024-01-21,1402-11-01,13.8,2.3,7.06,10.3,-2.7,0.0,0.0,0.0,16.4,42.25,69.85,140.2,102.44,205.4,174.33,178
2024-01-22,1402-11-02,14.3,2.4,7.79,11.3,-2.7,0.0,0.0,0.0,16.5,41.54,54.01,127.1,79.82,184.4,143.12,160
2024-01-23,1402-11-03,10.7,3.3,7.28,7.7,0.1,7.7,7.7,0.0,12.0,66.58,64.28,121.1,124.67,232.8,155.38,160
2024-01-24,1402-11-04,10.8,2.2,6.45,7.2,-0.8,7.6,7.0,0.42,12.1,70.83,74.91,119.0,160.53,240.3,163.5,169
2024-01-25,1402-11-05,11.1,0.6,5.31,7.9,-4.1,1.8,1.7,0.07,13.6,64.88,26.49,47.1,43.74,71.5,122.38,164
2024-01-26,1402-11-06,10.4,-1.6,4.5,6.8,-7.4,0.0,0.0,0.0,19.2,62.33,34.58,70.1,54.97,107.1,88.21,97
2024-01-27,1402-11-07,7.6,3.0,4.62,4.5,-0.7,3.9,3.9,0.0,10.5,73.29,53.23,115.0,80.92,166.7,117.08,142
2024-01-28,1402-11-08,8.0,-1.5,2.98,3.0,-7.2,12.7,4.4,5.81,19.1,60.12,32.27,69.2,47.5,99.7,128.79,148
2024-01-29,1402-11-09,7.6,-2.2,1.81,4.1,-7.7,0.0,0.0,0.0,16.0,45.0,45.63,117.6,73.1,171.8,94.38,121
2024-01-30,1402-11-10,8.1,-1.2,2.96,5.1,-6.2,0.0,0.0,0.0,14.1,49.88,64.57,150.9,100.66,224.9,140.42,155
2024-01-31,1402-11-11,6.1,-0.3,2.57,2.4,-5.3,0.0,0.0,0.0,13.9,64.21,68.39,121.5,112.12,183.9,163.0,166
2024-02-01,1402-11-12,2.8,1.2,1.94,-0.2,-2.3,2.6,1.1,1.05,7.9,75.83,57.87,89.4,96.8,148.1,156.5,159
2024-02-02,1402-11-13,1.5,-1.5,0.28,-1.3,-5.2,10.4,1.6,6.16,13.7,91.04,46.75,66.8,84.07,123.9,148.54,152
2024-02-03,1402-11-14,6.3,-3.4,0.8,2.6,-7.9,0.0,0.0,0.0,13.5,53.79,37.46,72.2,59.78,110.8,104.5,128
2024-02-04,1402-11-15,6.3,-3.6,0.24,2.6,-8.8,0.0,0.0,0.0,15.3,48.42,50.71,87.1,81.65,133.2,120.71,136
2024-02-05,1402-11-16,8.2,-2.3,2.65,3.1,-7.8,0.0,0.0,0.0,24.1,55.62,49.7,91.3,73.73,131.3,140.75,148
2024-02-06,1402-11-17,9.6,0.7,5.0,4.1,-3.5,0.5,0.5,0.0,30.9,60.0,23.61,83.8,34.54,120.6,114.38,140
2024-02-07,1402-11-18,9.7,-1.0,3.59,6.3,-6.1,0.0,0.0,0.0,14.3,53.67,38.14,97.1,54.65,138.8,74.33,102
2024-02-08,1402-11-19,11.4,0.5,5.08,8.2,-4.7,0.0,0.0,0.0,15.8,43.5,51.42,116.6,73.7,166.7,126.79,140
2024-02-09,1402-11-20,12.8,1.5,6.22,9.8,-3.8,0.0,0.0,0.0,15.8,40.83,42.71,91.7,61.9,132.2,131.29,140
2024-02-10,1402-11-21,15.3,2.7,7.78,12.1,-2.7,0.0,0.0,0.0,16.8,35.83,49.3,123.9,71.91,179.3,119.0,131
2024-02-11,1402-11-22,15.9,3.4,8.73,12.9,-1.9,0.0,0.0,0.0,15.9,40.42,53.28,119.0,82.3,175.6,144.04,148
2024-02-12,1402-11-23,15.9,4.1,9.12,13.3,-0.9,0.0,0.0,0.0,15.9,41.08,56.6,119.7,89.37,180.2,146.25,150
2024-02-13,1402-11-24,17.5,4.6,10.32,14.4,-0.8,0.0,0.0,0.0,16.4,33.71,65.17,147.1,103.96,221.2,153.79,157
2024-02-14,1402-11-25,19.3,5.5,12.21,15.8,0.3,0.0,0.0,0.0,16.3,31.38,48.16,110.1,79.31,163.9,155.92,159
2024-02-15,1402-11-26,19.1,9.0,13.52,15.4,4.3,2.0,2.0,0.0,15.9,35.08,34.1,100.1,65.57,148.5,113.96,132
2024-02-16,1402-11-27,12.3,7.6,10.24,10.8,4.7,16.9,16.9,0.0,17.9,71.88,42.4,80.1,63.32,114.6,93.29,112
2024-02-17,1402-11-28,12.3,5.9,8.83,9.4,2.4,3.3,3.3,0.0,13.1,64.08,48.52,121.1,77.65,175.1,145.67,155
2024-02-18,1402-11-29,10.0,2.8,5.73,6.4,-0.9,0.3,0.3,0.0,10.8,65.42,22.57,57.7,32.79,82.7,86.21,133
2024-02-19,1402-11-30,7.7,2.1,4.58,4.7,-1.5,0.0,0.0,0.0,9.5,60.96,59.42,128.5,85.98,185.8,105.88,151
2024-02-20,1402-12-01,8.3,0.9,4.58,5.0,-3.7,0.2,0.2,0.0,13.4,62.33,66.84,125.7,99.83,184.4,157.46,159
2024-02-21,1402-12-02,10.3,-0.3,4.96,6.8,-5.2,0.0,0.0,0.0,15.0,56.25,67.65,147.1,101.78,216.1,156.17,158
2024-02-22,1402-12-03,10.8,1.7,5.4,7.8,-3.2,4.2,4.0,0.14,15.9,62.46,63.18,124.8,96.13,183.0,161.08,163
2024-02-23,1402-12-04,13.6,1.3,7.0,9.1,-3.6,0.0,0.0,0.0,16.0,50.83,57.47,119.0,86.7,172.8,151.29,155
2024-02-24,1402-12-05,11.6,3.2,7.27,9.1,-0.8,0.3,0.3,0.0,11.5,56.79,56.6,136.0,88.14,200.2,150.33,151
2024-02-25,1402-12-06,5.3,-0.1,1.62,2.1,-3.2,11.5,8.9,1.82,10.5,91.54,35.81,53.7,53.21,83.8,134.96,151
2024-02-26,1402-12-07,2.6,-2.1,0.19,-0.5,-5.5,1.3,0.0,0.91,12.0,77.42,28.5,56.7,40.94,81.3,90.96,101
2024-02-27,1402-12-08,3.7,-3.3,0.02,-0.1,-7.4,0.5,0.0,0.35,11.3,65.79,32.7,49.7,47.79,73.8,92.88,97
2024-02-28,1402-12-09,3.1,-1.2,0.37,-0.8,-4.6,2.6,0.0,1.89,9.1,70.29,39.66,56.1,59.65,86.6,107.5,115
2024-02-29,1402-12-10,4.0,-4.4,-0.52,0.8,-10.0,0.5,0.0,0.35,15.6,62.42,24.74,46.2,36.28,67.3,89.12,110
2024-03-01,1402-12-11,5.4,-5.3,-0.46,1.4,-10.9,0.0,0.0,0.0,14.8,42.92,48.2,115.3,70.44,167.6,93.38,124
2024-03-02,1402-12-12,7.6,-4.7,1.06,4.3,-10.4,0.0,0.0,0.0,14.8,47.08,63.29,112.0,91.92,162.5,151.46,156
2024-03-03,1402-12-13,9.4,-2.1,3.41,7.0,-7.5,0.0,0.0,0.0,14.0,47.71,82.7,142.5,122.42,210.0,161.29,169
2024-03-04,1402-12-14,10.1,0.3,5.15,6.9,-4.9,0.0,0.0,0.0,14.3,50.96,69.88,119.2,120.67,178.8,171.46,176
2024-03-05,1402-12-15,10.4,1.2,5.47,6.4,-2.8,0.1,0.1,0.0,13.6,58.83,72.33,140.6,147.24,226.3,153.29,160
2024-03-06,1402-12-16,13.8,-0.3,6.19,10.8,-5.4,0.0,0.0,0.0,15.9,49.75,58.82,123.9,98.03,183.9,159.21,166
2024-03-07,1402-12-17,15.2,-1.0,7.54,11.4,-6.4,0.6,0.6,0.0,22.0,52.71,39.16,85.2,78.38,125.7,147.42,152
2024-03-08,1402-12-18,15.0,2.8,8.3,11.3,-2.0,0.5,0.5,0.0,21.3,52.17,43.95,109.0,92.33,165.8,94.79,116
2024-03-09,1402-12-19,14.0,2.4,7.71,9.4,-2.8,0.0,0.0,0.0,18.1,34.62,40.51,107.1,59.74,154.1,121.38,130
2024-03-10,1402-12-20,14.8,1.0,8.52,12.1,-4.8,0.1,0.1,0.0,17.4,37.88,33.72,72.9,66.84,105.0,118.42,126
2024-03-11,1402-12-21,10.4,4.0,7.6,8.4,-1.0,1.4,1.4,0.0,16.9,62.46,46.94,129.5,95.93,204.0,96.0,124
2024-03-12,1402-12-22,14.5,-0.2,7.46,11.0,-5.6,0.0,0.0,0.0,17.1,43.58,33.45,72.9,50.09,108.0,125.12,135
2024-03-13,1402-12-23,15.3,2.5,9.01,12.3,-2.7,0.0,0.0,0.0,16.1,34.79,52.25,119.7,80.58,177.9,108.25,138
2024-03-14,1402-12-24,18.2,5.2,11.95,15.4,-0.1,0.0,0.0,0.0,15.0,27.67,49.0,95.2,76.77,141.6,151.46,155
2024-03-15,1402-12-25,17.4,8.5,12.11,13.7,4.4,15.0,15.0,0.0,16.4,47.54,45.56,73.3,107.04,179.3,117.67,134
2024-03-16,1402-12-26,17.8,6.2,11.6,15.9,1.2,1.4,1.4,0.0,19.4,53.58,45.52,77.5,93.01,124.8,131.88,137
2024-03-17,1402-12-27,18.7,4.8,11.97,14.4,-0.6,0.0,0.0,0.0,20.0,31.54,33.5,70.1,56.97,104.1,103.38,125
2024-03-18,1402-12-28,20.5,6.3,13.42,17.4,1.2,4.5,4.5,0.0,18.7,40.75,31.53,62.2,63.6,92.0,100.08,105
2024-03-19,1402-12-29,16.8,11.0,13.5,14.0,8.1,4.1,4.1,0.0,16.6,56.0,38.02,79.6,67.33,116.4,91.33,107
2024-03-20,1403-01-01,14.4,6.8,10.56,10.5,3.8,2.5,2.5,0.0,16.9,61.42,26.95,61.5,45.61,89.4,95.96,106
2024-03-21,1403-01-02,17.2,2.1,9.8,13.5,-2.8,0.0,0.0,0.0,24.5,47.79,32.05,94.5,51.98,137.4,82.17,90
2024-03-22,1403-01-03,18.0,5.4,12.1,14.9,0.5,0.0,0.0,0.0,16.6,39.17,33.66,69.4,55.16,101.5,109.17,116
2024-03-23,1403-01-04,19.5,7.0,13.69,15.3,2.6,0.0,0.0,0.0,21.0,36.54,35.74,68.7,68.32,104.8,93.5,99
2024-03-24,1403-01-05,21.8,7.2,15.63,18.8,2.2,0.0,0.0,0.0,19.6,28.71,29.54,69.2,52.59,103.6,108.88,117
2024-03-25,1403-01-06,14.7,6.5,11.15,11.4,4.4,26.3,26.3,0.0,22.6,67.83,35.94,105.5,60.78,156.5,79.62,100
2024-03-26,1403-01-07,14.8,3.6,9.96,11.1,0.3,0.0,0.0,0.0,26.2,52.17,27.05,67.3,49.59,100.6,92.79,103
2024-03-27,1403-01-08,15.9,5.1,10.7,12.2,1.4,0.1,0.1,0.0,31.0,50.0,31.17,72.6,51.91,104.8,93.58,98
2024-03-28,1403-01-09,16.3,4.6,9.89,12.6,0.8,0.0,0.0,0.0,20.6,47.54,27.71,48.4,43.91,70.1,88.0,92
2024-03-29,1403-01-10,16.4,0.9,9.4,13.1,-4.8,0.0,0.0,0.0,17.5,36.71,34.75,83.1,50.73,119.2,86.79,96
2024-03-30,1403-01-11,19.1,4.3,12.05,16.7,-1.1,0.0,0.0,0.0,17.0,32.71,44.72,98.3,65.49,142.0,110.67,123
2024-03-31,1403-01-12,19.9,6.6,13.13,16.1,1.6,0.0,0.0,0.0,19.7,31.25,31.44,68.2,47.38,98.7,121.12,127
2024-04-01,1403-01-13,20.0,5.2,12.66,16.6,-0.1,0.0,0.0,0.0,17.7,29.38,25.25,44.4,37.53,64.0,81.46,92
2024-04-02,1403-01-14,18.9,6.1,12.93,14.8,0.6,0.0,0.0,0.0,16.9,22.58,34.17,94.1,57.85,138.8,81.92,94
2024-04-03,1403-01-15,21.4,6.7,14.48,17.8,1.3,0.0,0.0,0.0,16.0,25.04,44.92,95.0,68.59,137.8,118.38,125
2024-04-04,1403-01-16,24.7,8.4,17.07,21.1,3.3,0.0,0.0,0.0,17.1,23.38,39.9,82.7,59.57,119.2,116.5,124
2024-04-05,1403-01-17,26.4,11.1,18.9,22.4,6.3,0.0,0.0,0.0,20.1,21.83,34.75,71.9,51.29,103.6,106.88,111
2024-04-06,1403-01-18,26.5,11.7,19.55,23.6,6.7,0.0,0.0,0.0,17.0,21.96,30.23,66.8,53.18,100.4,93.88,99
2024-04-07,1403-01-19,27.1,12.5,20.38,23.8,7.4,0.0,0.0,0.0,18.5,21.79,31.65,66.4,53.9,101.0,94.5,98
2024-04-08,1403-01-20,25.4,13.0,18.73,22.1,10.0,0.0,0.0,0.0,20.2,27.58,25.25,41.6,50.46,77.8,86.38,93
2024-04-09,1403-01-21,26.0,11.2,19.56,23.7,7.2,0.0,0.0,0.0,15.5,24.0,24.88,41.4,49.5,65.7,78.04,81
2024-04-10,1403-01-22,27.4,15.4,20.83,22.3,10.5,2.0,2.0,0.0,23.6,27.46,27.9,57.5,69.87,144.8,81.12,83
2024-04-11,1403-01-23,20.1,10.2,14.76,16.2,8.9,4.7,4.7,0.0,24.3,55.12,25.62,51.1,63.58,123.4,92.96,98
2024-04-12,1403-01-24,18.5,6.1,11.75,15.8,2.4,0.0,0.0,0.0,26.8,48.42,12.45,27.8,23.69,44.4,60.29,81
2024-04-13,1403-01-25,17.2,3.7,11.03,13.3,-1.0,0.0,0.0,0.0,15.5,37.5,27.62,85.4,46.1,124.3,66.71,81
2024-04-14,1403-01-26,19.2,5.9,13.45,15.7,1.2,0.0,0.0,0.0,15.0,31.92,37.55,84.8,59.7,124.3,102.88,107
2024-04-15,1403-01-27,22.0,8.3,15.9,19.5,3.6,0.0,0.0,0.0,15.7,26.04,34.81,79.9,58.68,116.9,107.54,110
2024-04-16,1403-01-28,23.3,10.4,17.21,21.2,5.6,0.0,0.0,0.0,18.9,24.21,31.12,66.1,51.36,101.3,90.83,99
2024-04-17,1403-01-29,24.4,10.6,18.44,20.5,6.2,0.0,0.0,0.0,16.5,27.25,38.88,94.5,64.29,141.6,89.21,103
2024-04-18,1403-01-30,25.5,11.6,18.8,21.2,8.0,0.0,0.0,0.0,20.5,25.0,43.06,80.6,78.82,121.5,122.96,128
2024-04-19,1403-01-31,28.1,11.8,20.19,24.4,6.6,0.1,0.1,0.0,25.0,22.29,34.73,69.8,54.41,104.5,114.75,119
2024-04-20,1403-02-01,26.7,12.4,20.54,24.6,7.5,0.0,0.0,0.0,17.3,23.75,25.78,54.4,41.7,78.9,86.42,99
2024-04-21,1403-02-02,28.4,14.2,21.45,24.6,10.2,0.0,0.0,0.0,36.0,24.12,27.42,48.5,63.91,94.1,83.46,87
2024-04-22,1403-02-03,26.3,16.8,20.51,23.8,13.6,1.0,1.0,0.0,18.7,33.58,29.32,45.3,68.4,99.0,90.04,94
2024-04-23,1403-02-04,16.7,11.9,13.86,15.0,10.9,9.9,9.9,0.0,13.6,76.08,33.18,49.5,59.77,112.9,88.0,94
2024-04-24,1403-02-05,19.6,10.6,14.4,18.2,9.5,0.5,0.5,0.0,13.7,66.33,35.51,85.2,54.51,127.6,93.12,99
2024-04-25,1403-02-06,22.4,9.6,15.92,20.6,6.3,0.0,0.0,0.0,13.7,49.92,41.1,85.7,64.02,126.7,116.96,122
2024-04-26,1403-02-07,23.8,10.2,17.62,22.0,6.2,0.0,0.0,0.0,16.7,39.75,41.28,78.7,66.95,119.7,116.29,121
2024-04-27,1403-02-08,24.2,11.0,18.61,22.6,6.8,0.0,0.0,0.0,17.8,30.17,34.29,75.7,62.05,113.6,105.5,114
2024-04-28,1403-02-09,25.8,13.2,20.14,22.8,8.9,0.0,0.0,0.0,15.2,24.54,25.6,57.0,46.88,88.2,87.42,98
2024-04-29,1403-02-10,27.8,13.6,21.48,24.9,8.8,0.0,0.0,0.0,15.7,22.29,27.55,53.3,52.18,82.4,83.38,90
2024-04-30,1403-02-11,27.8,15.5,22.42,24.6,11.4,0.0,0.0,0.0,15.8,17.29,25.59,46.7,47.82,77.5,84.58,87
2024-05-01,1403-02-12,27.0,18.1,22.65,22.6,13.9,0.0,0.0,0.0,22.1,14.17,24.39,56.1,49.17,90.8,79.79,81
2024-05-02,1403-02-13,21.0,16.9,18.38,17.3,14.6,0.9,0.9,0.0,16.8,36.92,35.02,57.7,78.36,122.0,85.5,97
2024-05-03,1403-02-14,23.8,14.2,18.26,21.7,12.3,10.1,10.1,0.0,17.7,48.62,33.86,61.2,65.4,99.0,108.46,114
2024-05-04,1403-02-15,22.7,11.6,17.05,18.9,11.0,1.2,1.2,0.0,29.1,56.79,25.76,59.8,46.7,88.0,80.5,97
2024-05-05,1403-02-16,24.4,12.4,19.25,21.6,10.3,0.0,0.0,0.0,23.9,36.79,24.72,51.5,49.4,75.7,82.88,84
2024-05-06,1403-02-17,21.8,12.7,17.42,19.6,8.9,0.3,0.3,0.0,15.5,47.08,33.17,49.5,102.5,204.0,84.42,95
2024-05-07,1403-02-18,20.0,12.5,15.87,20.6,8.9,8.7,8.7,0.0,18.4,62.71,39.67,54.6,115.46,214.7,107.21,114
2024-05-08,1403-02-19,21.0,10.4,16.36,20.1,6.8,0.0,0.0,0.0,18.3,49.12,32.01,52.5,92.64,152.7,101.62,112
2024-05-09,1403-02-20,20.4,9.9,15.68,19.4,7.0,0.1,0.1,0.0,17.8,46.42,16.86,31.3,30.73,50.6,80.75,93
2024-05-10,1403-02-21,22.1,10.2,16.6,21.3,6.6,0.0,0.0,0.0,14.7,45.79,21.05,54.5,35.01,78.7,76.08,121
2024-05-11,1403-02-22,27.0,11.9,20.14,25.7,7.8,0.0,0.0,0.0,16.6,34.38,23.01,51.3,38.32,74.0,87.25,130
2024-05-12,1403-02-23,31.3,15.9,23.49,28.7,11.7,1.5,1.5,0.0,25.7,26.83,23.78,39.5,61.23,170.0,80.96,109
2024-05-13,1403-02-24,26.3,16.5,20.97,23.8,14.1,3.6,3.6,0.0,29.1,43.83,33.95,52.0,111.44,198.4,82.96,97
2024-05-14,1403-02-25,24.5,14.4,19.33,22.3,11.5,5.4,5.4,0.0,20.0,53.71,40.2,61.0,108.82,169.0,107.92,113
2024-05-15,1403-02-26,26.2,14.1,20.99,23.7,12.1,0.0,0.0,0.0,18.1,32.92,26.28,69.2,57.36,103.8,96.88,112
2024-05-16,1403-02-27,27.2,14.3,21.5,23.9,10.4,0.0,0.0,0.0,19.6,28.25,22.6,53.1,49.5,80.6,89.67,108
2024-05-17,1403-02-28,24.7,14.5,20.19,21.2,11.7,0.0,0.0,0.0,25.2,30.08,24.41,33.6,85.25,174.6,74.96,96
2024-05-18,1403-02-29,25.2,13.1,20.0,19.1,10.3,0.0,0.0,0.0,31.0,26.42,12.86,20.3,22.35,29.5,76.79,100
2024-05-19,1403-02-30,25.1,11.8,19.38,22.8,8.3,0.0,0.0,0.0,17.6,29.12,18.68,54.1,28.61,78.2,67.54,110
2024-05-20,1403-02-31,27.6,16.1,22.75,25.4,12.1,0.0,0.0,0.0,17.5,21.75,25.11,47.3,51.46,68.7,85.83,116
2024-05-21,1403-03-01,28.4,17.1,21.75,26.9,15.0,4.6,4.6,0.0,27.6,40.62,29.12,37.0,85.7,126.7,80.75,88
2024-05-22,1403-03-02,27.1,16.0,21.0,27.2,15.3,0.1,0.1,0.0,16.9,46.17,31.76,44.7,80.09,110.6,89.08,92
2024-05-23,1403-03-03,26.8,15.1,21.19,24.6,14.6,0.2,0.2,0.0,21.7,42.38,25.47,46.0,49.87,95.7,94.04,101
2024-05-24,1403-03-04,28.5,14.8,22.66,27.4,11.7,0.0,0.0,0.0,17.7,30.12,19.8,35.3,32.81,53.9,80.5,120
2024-05-25,1403-03-05,30.3,17.1,24.18,28.8,14.1,0.5,0.5,0.0,24.0,26.67,23.06,35.2,44.53,60.3,87.67,137
2024-05-26,1403-03-06,30.4,17.1,23.7,28.8,14.0,0.4,0.4,0.0,30.9,33.08,22.53,30.0,63.28,99.0,72.88,80
2024-05-27,1403-03-07,32.6,18.6,26.23,31.0,14.9,0.0,0.0,0.0,21.6,21.96,22.68,33.1,58.49,109.4,86.29,123
2024-05-28,1403-03-08,33.2,18.5,26.61,31.4,14.9,0.0,0.0,0.0,22.1,18.58,18.05,30.3,35.13,55.2,86.29,143
2024-05-29,1403-03-09,32.9,19.3,26.89,31.0,15.6,0.0,0.0,0.0,14.9,20.38,22.69,58.7,40.04,85.4,83.54,143
2024-05-30,1403-03-10,34.9,20.6,28.42,32.6,16.7,0.0,0.0,0.0,16.0,17.88,24.91,51.3,47.23,74.5,92.5,142
2024-05-31,1403-03-11,35.6,22.2,29.86,33.9,18.5,0.0,0.0,0.0,16.3,16.21,22.96,48.0,44.67,71.2,86.33,117
2024-06-01,1403-03-12,37.5,23.2,31.08,34.3,18.3,0.0,0.0,0.0,17.4,13.12,23.53,57.3,46.99,87.8,77.92,105
2024-06-02,1403-03-13,34.1,21.8,28.25,30.2,20.1,0.0,0.0,0.0,28.8,19.96,16.85,40.9,28.75,65.4,95.17,160
2024-06-03,1403-03-14,32.1,17.0,25.74,30.3,14.8,0.0,0.0,0.0,11.5,25.5,21.78,62.6,38.06,91.7,96.96,199
2024-06-04,1403-03-15,31.7,18.5,26.31,29.5,16.4,0.0,0.0,0.0,13.6,23.25,22.66,48.5,37.21,70.8,97.12,156
2024-06-05,1403-03-16,31.8,19.0,26.39,29.5,16.3,0.0,0.0,0.0,13.3,20.46,26.92,50.1,46.74,74.3,89.96,132
2024-06-06,1403-03-17,31.9,19.7,26.68,29.5,17.0,0.0,0.0,0.0,13.7,22.12,22.05,35.4,40.98,59.3,82.67,101
2024-06-07,1403-03-18,33.0,20.9,27.7,30.7,17.6,0.0,0.0,0.0,15.1,18.08,18.41,32.8,33.55,52.4,78.29,110
2024-06-08,1403-03-19,34.1,21.1,28.5,31.2,17.0,0.0,0.0,0.0,16.6,13.46,16.34,33.5,34.79,50.5,76.46,113
2024-06-09,1403-03-20,35.5,21.8,29.62,32.0,16.4,0.0,0.0,0.0,17.7,10.96,13.4,24.7,31.14,39.9,69.12,106
2024-06-10,1403-03-21,37.0,23.3,30.98,34.0,18.6,0.0,0.0,0.0,20.0,12.04,20.18,33.2,43.97,66.4,75.92,118
2024-06-11,1403-03-22,36.1,21.8,30.3,34.5,19.7,0.0,0.0,0.0,22.8,17.71,27.56,45.4,72.98,100.6,81.92,118
2024-06-12,1403-03-23,36.8,22.0,30.7,34.7,19.5,0.0,0.0,0.0,15.5,15.17,28.15,45.2,66.44,82.2,99.75,145
2024-06-13,1403-03-24,35.4,23.3,29.56,33.7,19.4,0.0,0.0,0.0,28.2,16.92,24.04,31.0,62.05,104.1,97.12,144
2024-06-14,1403-03-25,33.5,22.3,27.69,31.2,19.8,0.0,0.0,0.0,23.4,26.58,30.09,41.4,73.6,97.3,98.58,150
2024-06-15,1403-03-26,32.3,20.7,27.14,31.4,18.9,0.0,0.0,0.0,17.2,29.04,33.75,48.0,71.42,95.9,114.38,172
2024-06-16,1403-03-27,36.1,22.7,29.32,34.0,20.2,0.0,0.0,0.0,27.2,25.08,25.84,36.8,52.7,77.8,105.33,166
2024-06-17,1403-03-28,35.6,22.5,29.39,33.9,20.1,0.0,0.0,0.0,18.2,23.96,22.58,37.0,42.12,58.3,95.75,148
2024-06-18,1403-03-29,35.3,23.3,29.95,33.8,20.4,0.0,0.0,0.0,18.4,22.92,22.94,47.8,39.93,70.8,100.71,176
2024-06-19,1403-03-30,35.1,23.5,29.82,34.3,21.6,0.0,0.0,0.0,23.5,23.29,25.25,49.2,44.62,72.4,108.92,177
2024-06-20,1403-03-31,34.0,22.4,28.3,32.2,21.1,0.0,0.0,0.0,19.6,26.75,22.29,35.4,41.93,54.1,104.92,180
2024-06-21,1403-04-01,34.3,22.2,28.68,32.5,20.5,0.0,0.0,0.0,18.4,25.29,22.12,43.9,38.56,64.7,92.83,150
2024-06-22,1403-04-02,34.3,22.7,29.54,33.0,19.7,0.0,0.0,0.0,12.8,21.29,24.58,43.7,43.85,64.0,97.75,164
2024-06-23,1403-04-03,34.1,23.7,28.92,34.2,21.2,0.1,0.1,0.0,22.4,23.25,26.3,39.0,62.66,87.3,80.33,82
2024-06-24,1403-04-04,33.3,23.3,27.83,32.7,20.8,0.9,0.9,0.0,24.9,28.67,29.7,41.2,72.49,91.0,86.71,91
2024-06-25,1403-04-05,35.5,22.3,30.22,33.7,19.6,0.0,0.0,0.0,22.7,23.58,28.06,52.7,67.68,91.3,84.25,89
2024-06-26,1403-04-06,34.6,24.5,29.92,33.8,20.5,0.0,0.0,0.0,26.0,22.96,28.0,45.8,66.46,83.8,96.38,123
2024-06-27,1403-04-07,34.0,22.3,29.43,32.9,20.5,0.0,0.0,0.0,12.3,23.5,23.27,36.9,45.2,60.1,100.25,163
2024-06-28,1403-04-08,36.0,22.6,30.19,35.2,21.0,0.0,0.0,0.0,10.8,22.58,23.82,40.4,64.55,115.9,78.38,105
2024-06-29,1403-04-09,36.1,25.8,31.04,36.4,24.1,0.0,0.0,0.0,17.8,23.17,40.1,65.4,107.36,179.3,90.38,109
2024-06-30,1403-04-10,34.4,22.8,29.59,34.4,22.2,0.0,0.0,0.0,12.5,28.08,39.43,52.4,104.96,159.3,129.33,184
